abadfe01,2010,Fernando Antonio,L,27,2,51
abbotji01,1989,James Anthony,L,888,11,263
abbotky01,1991,Lawrence Kyle,L,124,4,57
aberal01,1950,Albert Julius,L,169,8,168
abernte01,1942,Talmadge Lafayette,L,13,3,7
abernwo01,1946,Virgil Woodrow,L,6,2,16
ablesha01,1905,Harry Terrell,L,41,3,14
adamsjo01,1902,Joseph Edward,L,0,1,1
adamsjo02,1996,Joel Lee,L,77,3,44
adamsri01,1905,Reuben Alexander,L,25,1,11
adkinst01,1990,Steven Thomas,L,14,1,5
affelje01,2002,Jeremy David,L,580,11,554
agostju01,1981,Juan Roberto (Gonzalez),L,307,15,543
aguirha01,1955,Henry John,L,856,16,447
aitchra01,1911,Raleigh Leonidas,L,101,3,34
albagi01,1988,Gibson Alberto (Rosado),L,3,1,3
alburvi01,1973,Victor,L,193,4,101
aldremi01,1996,Michael Peter,L,0,1,1
aldresc01,1990,Scott Phillip,L,312,12,229
allenbo04,1961,Robert Gray,L,199,5,204
allenfr01,1912,Frank Leon,L,457,7,180
allisda01,1991,Dana Eric,L,4,1,11
almanar01,1999,Armando,L,232,7,254
alouma01,1965,Mateo Rojas,L,3,1,1
altener01,1920,Ernest Matthias,L,4,1,14
altroni01,1898,Nicholas,L,425,18,218
alvarab01,2004,Abraham,L,5,3,4
alvarju01,1999,,L,42,4,80
alvarvi01,2002,Victor Aurelio,L,10,2,9
alvarwi01,1989,Wilson Eduardo (Fuenmayor),L,1330,15,355
amoledo01,1897,Morris George,L,30,2,18
anderal02,1986,Allan Lee,L,339,6,148
anderbi01,1925,William Edward,L,1,1,2
anderbr02,1993,Brian James,L,723,14,291
anderbr04,2009,Brett F.,L,286,3,62
anderda01,1889,David S.,L,56,3,21
anderji02,1999,,L,241,7,122
anderwa01,1917,Walter Carl,L,20,2,17
anderwi01,1910,Wingo Charlie,L,11,1,7
andrecl01,2000,,L,12,1,8
andrejo02,1973,John Richard,L,5,1,16
angelno01,1972,Norman Stanley,L,19,2,28
ankieri01,1999,,L,269,4,51
antonjo02,1948,John August,L,1162,13,377
archefr01,1936,Frederick Marvin,L,11,2,7
archeji02,1961,James William,L,122,2,57
ariasru01,1959,Rodolfo (Martinez),L,28,1,34
arlicdo01,1965,Donald Louis,L,1,2,8
arrigge01,1961,Gerald William,L,433,11,194
arroylu01,1955,Luis Enrique,L,336,8,244
arroyru01,1971,Rudolph,L,5,1,9
assenpa01,1986,Paul Andre,L,807,16,884
atchlju01,2001,,L,8,1,15
atkinto01,1909,Francis Montgomery,L,33,2,16
augusje01,1975,Gerald Lee,L,348,10,279
austiri01,1970,Rick Gerald,L,106,4,89
averyst01,1990,Steven Thomas,L,980,11,297
bacsimi02,2001,,L,97,5,51
baczefr01,1953,Frederic John,L,104,4,63
baezbe01,2001,,L,14,1,8
bailebi01,1907,William F.,L,570,12,203
baileha01,1899,Harvey Francis,L,35,2,16
baileho01,1981,Howard L,L,41,3,50
baileji01,1959,James Hopkins,L,7,1,3
baileki01,1895,Linwood C.,L,0,1,1
bailesc01,1986,Scott Alan,L,351,9,343
bairdbo01,1962,Robert Allen,L,10,2,8
bakerbo01,1901,Charles,L,1,2,2
bakerje01,1911,Jesse Ormond,L,51,1,22
bakersc01,1995,Scott,L,3,1,1
bakerto02,1963,Thomas Henry,L,14,1,10
baldwla01,1884,Charles B.,L,582,7,118
balejo01,1999,,L,148,7,109
ballaje01,1987,Jeffrey Scott,L,244,7,197
baneed01,1973,Edward Norman,L,80,3,44
bannifl01,1977,Floyd Franklin,L,1723,15,431
barbest01,1960,Stephen David,L,1309,18,466
barfijo01,1989,John David,L,53,3,65
barkbr01,1995,Brian Stuart,L,0,1,3
barklbr01,1998,,L,2,1,6
barnach01,1927,Charles Edward,L,8,2,24
barnebo01,1924,Robert Avery,L,1,1,2
barnebr01,1990,Brian Keith,L,275,6,116
barnefr01,1929,Frank Samuel,L,2,2,6
barneju01,1934,Junie Shoaf,L,0,1,2
barneri01,1982,Richard Monroe,L,8,2,10
barrofr02,1914,Frank John,L,1,1,1
barrst01,1974,Steven Charles,L,32,3,24
barryed01,1905,Edward,L,34,3,12
barthle01,1928,Lester Justin,L,7,2,9
bartocl01,2004,Clifford Paul,L,40,2,53
bartosh01,1992,Shawn Edward,L,29,3,73
barziph01,2006,Philip Joseph,L,0,1,1
bastaan01,2009,Antonio Francisco (Rafael),L,115,3,95
batchjo01,1923,Joseph Edmund,L,6,3,11
baueral01,1884,Albert,L,26,2,7
baumafr01,1955,Frank Matt,L,384,11,244
baumgro01,1978,Ross,L,222,5,90
baumgst01,1914,Stanwood Fulton,L,129,8,143
baynebi01,1919,William Lear,L,259,9,199
beardge01,1947,Henry Eugene,L,259,9,193
beardmi01,1974,Michael Richard,L,43,4,74
bearske01,1990,Kevin Gerard,L,2,1,3
beatied01,1887,Ebenezer Ambrose,L,335,5,109
beattbl01,1989,Gordon Blaine,L,10,2,7
beckebo01,1897,Robert Charles,L,10,2,6
beckech01,1911,Charles Schlagel,L,36,2,15
beckero01,1996,Robert Joseph,L,8,2,7
becklja01,1902,Jacob Peter,L,2,1,1
becquju01,1960,Julio (Villegas),L,0,2,2
bedarer01,2002,Erik Joseph,L,926,9,168
beeched01,1890,Edward Harry,L,0,1,1
beechma01,1996,Lucas Matthew,L,266,3,53
behneme01,1970,Melvin Brian,L,2,1,5
beimejo01,2001,Joseph Ronald,L,332,12,567
belinbo01,1962,Robert,L,476,8,146
belitto01,2000,,L,8,2,13
beller01,1985,Eric Alvin,L,152,6,68
bellra01,1912,Ralph Albert,L,5,1,3
belowdu01,2011,Duane Arthur,L,14,1,14
beltrri01,1997,Rigoberto,L,106,6,78
bennede01,1962,Dennis John,L,572,8,182
bentlja01,1913,John Needles,L,259,10,138
bentoru01,1910,John Cleave,L,950,16,437
bentzch01,2004,Chad Robert,L,18,2,40
bergmdu01,2004,Dustin Michael,L,1,1,1
bertafr01,1964,Frank Louis,L,280,9,99
bertomi01,1995,Michael David,L,38,3,28
bertrle01,1936,Roman Mathias,L,1,1,1
besanfr01,1956,Frederick Cyril,L,7,1,7
bessehe01,1940,Herman A.,L,118,5,65
bierbni01,2001,,L,112,5,38
biittla01,1977,Lawrence David,L,3,1,1
bildiem01,1937,Emil,L,55,5,41
billibr01,1999,,L,3,1,8
birdre01,1921,James Edward,L,2,1,1
birkiku01,2006,Kurt Daniel,L,64,3,60
birkora01,1933,Ralph Joseph,L,224,5,132
birtsti01,1985,Timothy Dean,L,231,5,138
biscafr01,1942,Frank Stephen,L,64,3,74
bishobi02,1921,William Henry,L,4,1,2
blackbu02,1981,Harry Ralston,L,1039,17,398
blacktr01,2004,Travis Jarrod,L,21,2,8
blairbi01,1888,William Ellsworth,L,16,1,4
blancgi01,1965,Gilbert Henry,L,35,2,28
blandna01,2003,Nathan Garrett,L,18,1,22
blankfr01,1894,Frederick August,L,1,1,1
blankma01,2000,,L,15,2,18
blasiwa01,1963,Wade Allen,L,512,12,222
blemkra01,1960,Raymond,L,0,1,1
blevije01,2007,Jerry Richard,L,133,5,151
blewebo01,1902,Robert Lawrence,L,8,1,5
blockte01,1989,Terry Fennell,L,0,1,1
bluevi01,1969,Vida Rochelle (Jr.),L,2175,17,502
boardch01,1913,Charles Louis,L,13,3,7
boehljo01,1912,John Joseph,L,396,8,162
boggsra01,1928,Raymond Joseph,L,0,1,4
boglewa01,1968,Warren Frederick,L,26,1,16
bohanbr01,1990,Brian Edward,L,671,13,304
bohnejo01,1982,John Kelly,L,4,1,3
bolenst01,1926,"Stewart O'Neal",L,72,4,41
boltoto01,1987,Thomas Edward,L,336,9,209
bongju01,2002,Jung Keun,L,62,3,48
bonnebi01,1944,William John,L,1,1,2
boolere01,1909,Seabron Jesse,L,6,1,4
booneda02,1981,Daniel Hugh,L,57,4,61
borbope02,1992,Pedro Felix (Marte),L,224,10,368
bordlbi01,1980,William Clarke,L,11,1,8
borkfr01,1964,Frank Bernard,L,31,1,33
borlato01,1960,Thomas Bruce,L,32,2,27
bottira01,1979,Ralph Wayne,L,34,2,18
bouchde01,1991,Denis,L,77,5,35
bowerce01,2008,Cedrick Jerome,L,23,2,19
bowiemi01,1999,,L,111,7,88
bowmaro01,1949,Roger Clinton,L,75,5,50
bowmasu01,1890,Sumner Sallade,L,46,3,18
bowsfte01,1958,Edward Oliver,L,326,8,215
boydja01,1894,Jacob Henry,L,25,3,21
braddza01,2010,William Zachary,L,59,2,71
bradeda01,2007,Dallas Lee,L,305,5,94
bradfla01,1977,Larry,L,58,4,104
bradyji01,1956,James Joseph,L,3,1,6
braital01,1915,Alfred,L,2,1,2
brancha01,1962,Harvey Alfred,L,2,1,1
branded01,1928,Edward Arthur,L,877,11,378
braxtga01,1921,Edgar Garland,L,412,12,282
braybi01,2006,William Paul,L,181,6,244
brazlal01,1943,Alpha Eugene,L,554,10,441
brechha01,1940,Harry David,L,901,12,318
breitte01,1891,Theodore P.,L,889,11,379
brennad01,1910,Addison Foster,L,283,8,129
breslcr01,2005,Craig Andrew,L,235,8,295
bressru01,1914,Raymond Bloom,L,229,7,107
brettke01,1967,Kenneth Alven,L,807,17,349
brewebi01,1993,William Robert,L,137,8,203
breweji01,1960,James Thomas,L,810,18,584
brewero01,1993,Rodney Lee,L,1,1,1
bridgma01,1959,Marshall,L,302,8,206
brillji01,1922,James Benson,L,98,4,86
brisslo01,1947,Leland Victor,L,436,8,234
britoeu01,2005,Eude Ezequiel,L,24,2,11
brittza01,2011,Zachary Grant,L,97,1,28
brohatr01,2001,Michael Troy,L,46,3,82
brookfr01,2004,Frank J.,L,18,2,12
brothre01,2011,Rex Coleman,L,59,1,48
broutda01,1879,Dennis Joseph,L,8,2,4
brownca01,1960,Calvin Duane,L,0,1,1
brownch01,1897,Charles Edward,L,8,1,4
browncu01,1911,Charles Roy,L,52,4,28
brownke03,1990,Kevin Dewayne,L,44,4,24
brownll01,1925,Lloyd Andrew,L,510,13,404
brownst01,1893,Richard P.,L,10,3,13
brownto05,1984,Thomas Leo,L,1000,12,302
brunege01,1956,George Stuart,L,921,19,324
bruneja01,1949,Jack Raymond,L,28,3,26
bruneju01,2000,,L,2,1,4
brunswi01,1998,,L,11,3,27
bryanro01,1967,Ronald Raymond,L,509,8,205
buchabo01,1985,Robert Gordon,L,6,2,16
buckega01,1918,Garland Maiers,L,134,6,108
bucklje01,1916,Jesse Robert,L,2,1,2
buehrma01,2000,Mark Alan,L,1396,12,390
buenofr01,2008,Francisley Trueba,L,1,1,1
bullore01,1936,Malton Joseph,L,7,1,12
bumgama01,2009,Madison K.,L,287,3,55
burchfr01,1903,Frederick Duff,L,124,4,49
burgmto01,1968,Thomas Henry,L,584,17,745
burgoen01,1993,Enrique (Calles),L,18,2,10
burkebi02,1910,William Ignatius,L,23,2,21
burkebo01,1927,Robert James,L,299,10,254
burkeje01,1890,Jesse Cail,L,84,3,23
burnese01,2004,Sean Richard,L,210,6,284
burnsbi01,1908,William Thomas,L,233,8,117
burnsbr01,1978,Robert Britt,L,734,8,193
burnsdi01,1883,Richard Simon,L,199,3,58
burnspe01,1955,Peter Willits,L,303,9,196
burnssh01,1978,Sheldon John,L,18,3,19
burpoge01,1946,George Harvie,L,1,1,2
burrebr01,2006,Brian James,L,224,6,106
burreha01,1891,Harry J.,L,19,1,7
burrojo01,1943,John,L,22,3,30
burrote01,1994,Terry Dale,L,35,4,50
burtoji01,1975,Jim Scott,L,42,2,30
butlead01,1998,,L,7,1,8
butlebi02,1969,William Franklin,L,408,7,134
butlech01,1933,Charles Thomas,L,0,1,1
bynummi01,2002,Michael Allen,L,52,3,29
byrdati01,1998,,L,289,10,415
byrneto01,1943,Thomas Joseph,L,766,15,281
cadargr01,1987,Gregory James,L,539,14,451
cainbo01,1949,Robert Max,L,249,6,140
cainle01,1968,Leslie,L,303,4,68
cairnca01,2000,,L,8,1,15
caldwmi01,1971,Ralph Michael,L,939,15,475
caldwra01,1904,Ralph Grant,L,59,2,13
calhoje01,1984,Jeffrey Wilton,L,104,5,118
calica01,2004,Carmen Salvatore,L,27,3,40
callara01,1915,Raymond James,L,4,1,3
campbbi01,1905,William James,L,116,4,70
campbji03,1990,James Marcus,L,2,1,2
canavhu01,1918,Hugh Edward,L,18,1,11
candejo01,1975,John Robert,L,1673,23,600
cangejo01,1988,John Anthony,L,0,3,3
cantwmi01,1916,Michael Joseph,L,14,3,11
capildo01,1976,Douglas Edmund,L,178,8,136
cappuge01,1981,George Angelo,L,32,2,35
capuach01,2003,Christopher Frank,L,807,7,181
carawpa01,1930,Cecil Bradford Patrick,L,151,3,108
carlsje01,2008,Jesse Craig,L,114,3,162
carltst01,1965,Steven Norman,L,4136,27,741
carmado01,1983,Donald Wayne,L,598,10,342
carneed01,1941,Edwin Elliott,L,4,3,6
carnepa01,1902,Patrick Joseph,L,37,3,16
carpifr01,1965,Frank Dominic,L,29,2,49
cartean01,1994,Andrew Godfrey,L,24,2,24
cartear01,1944,Arnold Lee,L,37,2,46
carych01,1985,Charles Douglas,L,322,8,134
carysc01,1947,Scott Russell,L,25,1,23
caseyda01,1884,Daniel Maurice,L,743,7,201
casiala01,1990,Lawrence Paul,L,125,11,245
caskecr01,1973,Craig Douglas,L,6,1,9
cassijo01,1875,John P.,L,14,2,32
castial02,2008,Alberto  (Betancourt),L,48,4,79
castito02,1988,Antonio Jose (Jimenez),L,333,13,403
castlro01,1907,Royal Eugene,L,13,3,11
castnpa01,1923,Paul Henry,L,0,1,6
castrfa01,2006,Fabio Enrique,L,32,3,30
catetr01,2007,Troy P,L,12,1,14
cavetpu01,1911,Tillar H.,L,78,3,49
ceccaar01,1955,Arthur Edward,L,166,5,79
cecilbr01,2009,Brett Aarion,L,273,3,66
cedenxa01,2011,Xavier,L,0,1,3
cerdaja01,2002,Jaime Magana,L,91,4,132
cerutjo01,1985,John Joseph,L,398,7,229
chacigu01,2004,Gustavo G. Adolfo (Gonzalez),L,216,5,102
chambbi02,1932,,L,11,1,12
chambcl01,1948,,L,374,7,189
chambro01,1900,Richard Jerome,L,2,1,1
chapmar01,2010,Albertin Aroldis (De La Cruz),L,90,2,69
charlno01,1988,Norman Wood (III),L,808,15,605
chaseha01,1908,Harold Homer,L,0,1,1
chaseke01,1936,Kendall Fay,L,582,9,188
cheadda01,1973,David Baird,L,2,1,2
cheliit01,1935,Italo Vincent,L,20,3,24
chenbr01,1998,,L,882,18,317
chicoma01,2007,Matthew Bryan,L,128,3,43
chipmbo01,1941,Robert Howard,L,322,13,293
choatra01,2000,Randol Doyle,L,228,11,396
chrisga01,1979,Gary Richard,L,20,2,30
chrisja01,1995,Jason Samuel,L,384,14,528
chrismi01,1979,Michael,L,46,3,29
christi01,2001,,L,2,1,1
clarkbr01,1981,Bryan Donald,L,259,8,186
clarkge01,1913,George Myron,L,5,1,11
clarkle01,1921,Alan Thomas,L,1,1,1
clarkst02,1983,Stanley Martin,L,36,6,50
clarkwa02,1924,William Watson,L,643,14,355
clarkwe01,1955,Vibert Ernesto,L,9,1,7
clasego01,1933,Gowell Sylvester,L,1,1,8
clausal01,1913,Albert Stanley,L,1,1,5
clausbr01,2003,Brandon Allen Falker,L,228,4,58
clausfr01,1892,Frederick William,L,134,5,42
clemepa01,1985,Patrick Brian,L,158,10,288
clemola01,1971,Lance Levis,L,23,3,19
clostal01,1966,Alan Edward,L,26,4,21
clouged01,1925,Edgar George,L,3,2,4
clowebi01,1926,William Perry,L,0,1,2
clydeda01,1973,David Eugene,L,228,5,84
coganto01,2001,,L,17,1,39
cohensy01,1934,Sydney Harry,L,49,3,55
cokeph01,2008,Phillip Douglas,L,185,4,206
colebe01,1921,Albert George,L,119,7,177
colemjo03,1895,John,L,5,1,1
colemri01,1955,Walter Lee,L,130,6,95
collawi01,2007,William,L,0,1,6
collido01,1977,Donald Edward,L,27,2,44
colliha01,1899,James Harry,L,8,1,14
collira01,1909,Raymond Williston,L,511,7,199
colliti01,2011,Timothy N.,L,60,1,68
colluja01,1951,Jack Dean,L,171,12,171
colyest01,2003,Stephen Edward,L,51,3,61
combspa01,1989,Patrick Dennis,L,190,4,56
comptcl01,1972,Robert Clinton,L,0,1,1
comstke01,1984,Keith Martin,L,142,7,144
connoed02,1964,Edward Joseph (Jr.),L,118,2,42
conroti01,1978,Timothy James,L,307,7,135
constji01,1956,Jimmy Lee,L,59,7,56
conwaje01,1920,Jerome Patrick,L,0,1,1
cookde01,1988,Dennis Bryan,L,739,19,665
cookest01,1992,Steven Montague,L,335,6,104
cookro02,1970,Ronald Wayne,L,60,2,46
coombda01,1963,Daniel Bernard,L,249,9,144
coonejo01,1921,John Walter,L,224,9,159
coopewi01,1912,Arley Wilbur,L,1252,16,517
corbesh01,1988,Sherman Stanley,L,33,3,42
cormirh01,1991,Rheal Paul,L,760,17,683
cosgrmi01,1972,Michael John,L,122,5,119
cottren01,1911,Ensign Stover,L,12,5,12
cottsne01,2003,Neal James,L,235,7,284
coumbfr01,1914,Frederick Nicholas,L,212,9,193
courtha01,1919,Henry Seymour,L,112,5,94
courtjo01,1995,John Charles,L,0,1,1
coutljo01,2007,Jonathan Thomas,L,38,1,64
covelha01,1907,Harry Frank,L,511,9,198
covinch01,1944,Chester Rogers,L,13,1,19
cozarch01,1945,Charles Rhubin,L,4,1,5
crablge01,1910,George Elmer,L,3,1,2
craddwa01,1955,Walter Anderson,L,39,3,29
craigge01,1907,George McCarthy,L,0,1,2
cramebo01,2010,Robert T.,L,19,2,9
crawfji01,1973,James Frederick,L,276,5,181
crawfjo01,1997,Joseph Randal,L,25,1,19
crawfla01,1937,Charles Lowrie,L,2,1,6
creekdo01,1995,Paul Douglas,L,292,10,279
cremibo01,1927,Robert Anthony,L,0,1,4
cristbi01,1901,William Arthur,L,12,1,6
croucbi01,1910,William Henry,L,2,1,1
croucza01,1988,Zachary Quinn,L,0,1,3
croweji01,1997,James Everette,L,6,3,10
crumpro01,1920,Roy Maxton,L,3,2,5
cuccuco01,1943,Arthur Joseph,L,51,3,62
cuellmi01,1959,Miguel Angel (Santana),L,1632,15,453
culloni01,1913,Norman Andrew,L,400,7,174
cumbejo01,1968,John Sheldon,L,137,8,110
cummijo01,1993,John Russell,L,114,7,110
currasa01,1902,Simon Francis,L,3,1,1
currela01,1975,Delancey Lafayette,L,7,1,8
curtija01,1961,Jack Patrick,L,108,4,69
curtijo01,1970,John Duffield,L,825,16,438
cushmed01,1883,Edgar Leander,L,607,7,147
cvengmi01,1922,Michael John,L,201,6,144
cyrer01,2002,Eric,L,4,1,5
daalom01,1993,Omar Jesus (Cordero),L,806,13,392
dahlja01,1963,Jay Steven,L,0,1,1
daleybi01,1889,William,L,218,3,62
daleybu01,1955,Leavitt Leo,L,549,11,248
daltomi01,1991,Michael Edward,L,4,1,4
dammabi01,1897,William Henry,L,74,3,60
danfoda01,1911,David Charles,L,484,10,286
daniepe01,1890,Peter J.,L,21,2,14
danksjo01,2007,John William,L,714,5,150
darenvi01,1998,,L,229,10,309
darroge01,1934,George Oliver,L,14,1,17
dascedo01,1990,Douglas Craig,L,2,2,4
dashnle01,1913,Lee Claire,L,2,1,1
davalvi01,1969,Victor Jose (Romero),L,0,1,2
davenlu01,1921,Joubert Lum,L,20,4,25
daveymi01,1977,Michael Gerard,L,7,2,19
davidda01,2007,David Lawrence,L,3,2,3
davidda02,2009,Daniel Gerome,L,0,1,4
davidte01,1965,Thomas Eugene,L,124,5,114
daviech01,1914,Lloyd Garrison,L,38,4,45
davisdo02,1999,Douglas,L,1279,15,306
davisji01,1954,James Bennett,L,197,5,154
davisla01,2001,,L,53,1,20
davisma01,1980,Mark William,L,1007,18,624
davismi01,1969,Michael Lynn,L,23,2,32
davisst03,1985,Steven Kennon,L,39,3,25
davisti01,1994,Timothy Howard,L,91,4,89
dayleke01,1982,Kenneth Grant,L,406,12,385
deagoro01,2003,Roger I. Villarreal,L,10,1,2
deanch01,1937,Alfred Lovill,L,195,8,162
debarde01,1977,Dennis Lee,L,10,1,14
deharri01,1997,Richard Allen,L,45,4,56
deinipe01,1902,Otto Charles,L,2,1,2
delarjo01,2004,Jorge Alberto (Gonzalez),L,682,9,188
delosra01,1974,Ramon (Genero),L,7,1,12
delosva01,1998,,L,207,10,235
demilha01,1892,Harry,L,15,1,4
derriji01,1956,Charles James,L,17,2,21
deshaji01,1984,James Joseph,L,951,13,257
detwiro01,2007,Ross E.,L,102,4,39
devinji01,1883,Frank Robert,L,3,1,2
devliji02,1886,James H.,L,90,4,23
dewalch01,1890,Charles H.,L,6,1,2
diamosc01,2011,Scott Michael,L,19,1,7
diazca01,1982,Carlos Antonio,L,207,6,179
dicksla01,1990,Lance Michael,L,4,1,3
dilauja01,1969,Jack Edward,L,50,2,65
dillago01,1988,Gordon Lee,L,4,2,7
dilliha01,1914,Harley Hugh,L,11,1,11
dillost01,1963,Stephen Edward,L,3,2,3
dimicfr01,1988,Frank Lawrence,L,1,1,4
dinarle01,2004,Leonard Edward,L,132,6,94
dipinfr01,1981,Frank Michael,L,515,13,514
dishmgl01,1995,Glenelg Edward,L,66,4,33
dixonst01,1993,Steven Ross,L,3,2,6
dobbjo01,1924,John Kenneth,L,2,1,2
dobenra01,1929,Raymond Joseph,L,4,1,11
dockige01,1945,George Woodrow,L,34,2,35
doddro01,1998,,L,4,1,4
dohened01,1895,Edwin Richard,L,567,10,183
dolanco01,1895,Patrick Henry,L,69,4,35
donlimi01,1899,Michael Joseph,L,6,2,4
donosli01,1955,Lino (Galata),L,39,2,28
donovbi02,1942,Willard Earl,L,24,2,38
doranjo01,1891,John F.,L,55,1,15
doschja01,1903,John Henry (Jr.),L,61,6,27
dottega01,1961,Gary Richard,L,10,3,7
doubrfe01,2010,Felix Antonio,L,29,2,23
dowlida01,1964,David Barclay,L,3,2,2
dowlipe01,1897,Henry Peter,L,299,5,117
downial01,1961,Alphonso Erwin,L,1639,18,405
downssc01,2000,,L,481,11,439
doylepa01,1969,Paul Sinnott,L,65,4,87
draveda01,1982,David Francis,L,558,9,226
dreesto01,1991,Thomas Kent,L,2,1,4
dreiscl01,1944,Clemens Johann,L,39,5,46
dressbo01,1902,Robert Nicholson,L,8,1,1
driscde01,1880,John F.,L,171,4,83
druhoca01,1906,Carl A.,L,60,3,20
duboibr01,1989,Brian Andrew,L,47,2,18
duboser01,2002,Eric Ladell,L,115,5,52
duensbr01,2009,Brian Matthew,L,246,3,109
duffyda01,2011,Daniel Richard,L,87,1,20
duganda01,1928,Daniel Phillip,L,15,2,20
dukema01,1891,Martin F.,L,5,1,4
dukesja01,1969,Noble Jan,L,7,3,16
dukeza01,2005,Zachary Thomas,L,537,7,181
dumatph01,2007,Phillip Anthony,L,97,4,87
dumovni01,1923,Nicholas,L,23,1,28
dunbama01,1995,Matthew Marshall,L,5,1,8
dunleja01,1903,John Francis,L,79,2,21
dunnmi01,2009,Michael G.,L,100,3,101
dupeefr01,1901,Frank Oliver,L,0,1,1
duranro01,1997,Roberto Alejandro,L,23,2,31
durbiki01,1907,Blaine Alphonsus,L,5,1,5
durniri01,1917,Richard Knott,L,0,2,2
duserca01,1956,Carl Robert,L,5,2,3
duvalmi01,1998,,L,23,4,53
dyered01,1922,Edwin Hawley,L,63,6,69
dykhora01,1998,Radhames Alviro,L,1,1,1
earlear01,1960,Arnold Carl,L,310,8,223
earlebi02,1986,William Albert,L,2,1,3
easteja01,1974,James Morris,L,350,14,321
eayrsed01,1913,Edwin,L,13,3,11
ebertde01,1999,,L,4,1,5
eccleha01,1915,Harry Josiah,L,13,1,5
eckener01,2002,Eric Ryan,L,25,2,27
eckeral01,1930,Albert George,L,7,3,18
eddych01,1995,Christopher Mark,L,2,1,6
eddydo01,1970,Donald Eugene,L,23,2,29
edench01,1884,Charles M.,L,8,2,6
edgerbi01,1966,William Albert,L,11,3,17
edmonsa01,1907,Samuel Sherwood,L,0,1,1
edwarji01,1922,James Corbette,L,211,7,145
edwarwa01,1989,Wayne Maurice,L,84,3,62
egandi02,1963,Richard Wallis,L,68,4,74
eganji01,1882,James K.,L,20,1,12
eibelha01,1920,Henry Hack,L,5,1,3
eischjo01,1994,Joseph Raymond,L,244,11,324
eisenha01,1935,Harry,L,157,9,165
eisenja01,1944,Jacob Henry,L,0,1,1
elbersc01,2008,Timothy Scott,L,63,4,77
elderhe01,1913,Henry Knox,L,0,1,1
ellinbr01,1974,Harold Bruce,L,16,1,16
elliogl01,1947,Herbert Glenn,L,25,3,34
ellioju01,1923,James Thomas,L,453,11,252
ellisji01,1967,James Russell,L,8,2,10
ellswdi01,1958,Richard Clark,L,1140,15,407
elvirna01,1990,Narciso Chicho (Delgado),L,6,1,4
embreal01,1992,Alan Duane,L,691,20,882
emigch01,1896,Charles Henry,L,1,1,1
endertr01,2000,,L,5,1,9
engeljo01,1912,Joseph William,L,151,7,102
engelst01,1985,Steven Michael,L,29,1,11
engleri01,1981,Richard Douglas,L,2,1,1
englije01,2010,Jesse Logan,L,4,1,7
enyarte01,1974,Terry Gene,L,2,1,2
erickra01,1929,Ralph Lief,L,2,2,8
escalse01,2009,Sergio Luis (Rodriguez),L,35,2,63
eshelva01,1995,Vaughn Michael,L,118,3,83
esperdu01,1890,Charles H.,L,453,13,236
espinge01,2008,Eugene Macalalag,L,8,1,15
esserma01,1979,Mark Gerald,L,1,1,2
esteldi01,1964,Richard Henry,L,29,2,12
estessh01,1995,Aaron Shawn,L,1210,14,283
estraho01,1999,Horacio (Jimenez),L,22,3,15
estraos01,1929,Oscar,L,0,1,1
evansar01,1932,William Arthur,L,6,1,7
evelada01,2005,Dana J.,L,238,8,100
eversbr01,1994,Bryan David,L,61,4,76
eyresc01,1997,Scott Alan,L,537,15,617
faganbi01,1887,William A.,L,61,2,23
falcope01,1975,Peter Frank,L,865,10,325
falkch01,1925,Chester Emanuel,L,16,3,40
fallobo01,1984,Robert Joseph,L,27,2,13
fanovfr01,1949,Frank Joseph,L,64,2,55
farmemi01,1996,Michael Anthony,L,16,1,7
farreke01,1943,Major Kerby,L,4,1,5
fasseje01,1991,Jeffrey Joseph,L,1643,19,720
fastda01,1968,Darcy Rae,L,10,1,8
faulkji01,1927,James Leroy,L,34,3,43
feierry01,2006,Ryan Robert,L,64,3,25
felicpe01,2002,Pedro Juan (Molina),L,341,8,459
ferenst01,1942,Stanley,L,51,2,53
fernasi01,1983,Charles Sidney,L,1743,16,307
ferraan01,2003,Anthony Michael,L,1,1,4
ferrado01,1955,Donald Hugh,L,350,9,183
ferreto01,1985,Anthony Ross,L,5,1,2
fickjo01,1944,John Ralph,L,2,1,4
fiebecl01,1932,Clarence Thomas,L,1,1,3
filsope01,1982,William Peter,L,187,8,148
finlech01,1986,Charles Edward,L,2610,18,524
finlest01,2001,Steven Allen,L,0,1,1
fischca01,1930,Charles William,L,376,10,191
fishefr01,1964,Frederick Brown,L,1,1,1
fittepa01,1914,Paul Clarence,L,34,2,25
fitzgbr01,2002,Brian Michael,L,3,1,6
fitzgjo03,1958,John Francis,L,3,1,1
flahepa02,1899,Patrick Joseph,L,271,10,173
flanami01,1975,Michael Kendall,L,1491,19,526
flanito01,1954,Thomas Anthony,L,0,2,3
flavijo01,1964,John Thomas,L,5,1,5
flemida01,1991,David Anthony,L,303,6,116
flenehu01,1993,Gregory Alan,L,55,3,29
fletcto01,1962,Thomas Wayne,L,1,1,1
flitchi01,1942,Hildreth Milton,L,1,1,3
flohrmo01,1934,Moritz Herman,L,6,1,14
floredo01,1995,Donald Emery,L,5,1,14
florera01,2002,Randy Alan,L,202,10,350
florero01,2005,Ronald Joel,L,41,3,53
flowewe01,1940,Charles Wesley,L,11,2,14
flynnca01,1894,Cornelius Francis Xavier,L,11,3,9
foleycu01,1879,Charles Joseph,L,127,5,69
foleyjo01,1885,John J.,L,2,1,1
folkeri01,1970,Richard Nevin,L,242,7,195
fontera01,1983,Silton Ray,L,216,5,145
foorji01,1971,James Emerson,L,5,3,13
fordhto01,1997,Thomas James,L,33,2,36
fordma01,2003,Matthew Lee,L,26,1,25
fordwh01,1950,Edward Charles,L,1956,16,498
forembr01,1895,John Davis,L,81,3,32
foremfr01,1884,Francis Isaiah,L,586,14,229
foremha01,1924,August G.,L,4,2,6
forstsc01,2000,,L,23,1,42
forstte01,1971,Terry Jay,L,791,16,614
fortuti01,1992,Timothy Shawn,L,84,3,76
fosnoje01,1964,Gerald Eugene,L,44,2,36
fossato01,1988,Emilio Antonio (Morejon),L,324,14,567
fossuca01,2001,Casey Paul,L,607,9,237
fostejo01,2002,John Norman,L,54,3,90
fournhe01,1894,Julius Henry,L,5,1,6
fowleje01,1924,Jesse Peter,L,5,1,13
foxenbi01,1908,William Aloysius,L,130,5,61
frailke01,1972,Kenneth Douglas,L,136,5,116
francje01,2004,Jeffrey William,L,694,7,181
francjo01,1984,John Anthony,L,975,21,1119
francos01,1890,Osman Beverly,L,0,1,1
francra01,1922,Ray James,L,96,4,82
francte01,1989,Terry Jon,L,1,1,1
frankwa01,2000,Gary Wayne,L,216,7,143
freembu01,1891,John Frank,L,28,2,7
freemji01,1972,Jimmy Lee,L,38,2,19
freitto01,1932,Antonio,L,135,5,107
frencla01,1929,Lawrence Herbert,L,1187,15,570
frenclu01,2009,Lucas Stephen,L,79,3,31
freyst01,1989,Steven Francis,L,157,10,314
friedcy01,1920,Arthur Edwin,L,0,1,2
frienda01,1895,Daniel Sebastian,L,158,4,67
friespe01,1883,Peter Martin,L,7,1,3
frilljo01,1910,John Edmond,L,33,3,16
fritzch01,1907,Charles Cornelius,L,1,1,1
froatbi01,1955,William John,L,0,1,1
frymawo01,1966,Woodrow Thompson,L,1587,20,625
fuentbr01,2001,,L,615,12,618
fuhros01,1921,Oscar Lawrence,L,59,3,63
fultzaa01,2000,,L,394,8,463
funkto01,1986,Thomas James,L,2,1,8
furbuch01,2011,Charles R.,L,67,2,28
fussefr01,1922,Frederick Morris,L,103,4,80
gabbaka01,2006,Kason Ronald,L,103,4,34
gainene01,1921,Willard Roland,L,1,1,4
galatmi01,1936,Milton,L,3,1,1
gallabi01,1883,William John,L,31,2,10
gallado01,1962,Douglas Eugene,L,14,1,9
gallaed01,1932,Edward Michael,L,6,1,9
gallomi01,2003,Michael Dwain,L,69,4,160
gannogu01,1895,James Edward,L,0,1,1
garagke01,1994,Keith John,L,3,1,7
garatvi01,2009,Victor J.,L,0,1,4
garcija02,2008,Jaime Omar,L,296,3,70
garcimi02,1987,Miguel Angel (Sifontes),L,11,4,14
gardnro01,1965,Richard Frank,L,193,10,109
garibda01,2000,,L,46,1,30
garregr01,1970,Gregory,L,55,2,34
garrist01,2011,Stevenson N.,L,0,1,1
garryji01,1893,James Thomas,L,2,1,1
garvije01,1977,Theodore Jared,L,320,6,196
gassach01,1944,Charles Cason,L,80,3,39
gassnda01,2005,David K.,L,2,1,2
gastowe01,1898,Welcome Thornburg,L,0,2,3
gaubjo01,2011,John David,L,3,1,4
gearidi01,1923,Dennis John,L,13,3,13
geejo01,1939,John Alexander,L,65,7,44
geiseda01,1978,John David,L,144,7,131
georgbi01,1887,William M.,L,78,3,19
georgch02,2001,,L,99,4,47
georgle01,1911,Thomas Edward,L,74,4,52
gerharu01,1974,Allen Russell,L,22,1,23
gerheal01,1943,Albert,L,255,5,149
gerneed01,1919,Edwin Frederick,L,2,1,5
gervale01,1913,Lucien Edward,L,1,1,5
gettito01,1895,Lewis Thomas Leyton,L,0,1,2
giallbo01,1958,Robert Paul,L,14,1,6
giardjo01,1925,Joseph Oscar,L,71,3,68
gibbojo01,1960,Joseph Charles,L,743,15,419
gibsopa01,1988,Paul Marshall,L,345,9,319
gilbejo02,1972,Joe Dennis,L,42,2,43
gilbrbi01,1971,William Freeman,L,16,3,14
gillha01,1923,Harold Edward,L,1,1,1
gillipa01,1967,Paul Gant,L,2,1,2
gilsoha01,1968,Harold,L,20,2,15
givenbr01,1995,,L,83,2,23
glavito02,1987,Thomas Michael,L,2607,22,682
gleatje01,1979,Jerry Don,L,265,12,307
gloadro01,2009,Ross Peter,L,0,1,1
glynned01,1975,Edward Paul,L,184,10,175
gobblji01,2003,Billy James,L,285,7,247
gomezle01,1930,Vernon Louis,L,1468,14,368
gomezpa01,1993,Patrick Alexander,L,55,3,71
gonzaga01,1998,,L,0,1,3
gonzagi01,2008,Giovany A.,L,511,4,95
gonzami02,2003,Michael Vela,L,412,10,387
gonzavi01,1955,"Wenceslao (O'Reilly)",L,1,1,1
goodejo01,1928,John Henry William,L,0,1,2
goodwi01,1905,Wilbur David,L,13,1,5
goodwji01,1948,James Patrick,L,3,1,8
gorinch01,1954,Charles Perry,L,12,2,7
gormato01,1939,Thomas David,L,2,1,4
gormato03,1981,Thomas Patrick,L,144,8,126
gormljo01,1891,Joseph,L,2,1,1
gorzeto01,2005,Thomas Stephen,L,506,8,148
goslimi01,2004,Michael Frederick,L,74,5,58
graboal01,1929,Alfons Francis,L,65,2,39
grabojo02,2003,John,L,400,10,506
gracefr01,2004,Franklyn Benjamin,L,1,1,7
gracema01,2002,Mark Eugene,L,0,1,1
grahabi01,1908,William James,L,141,3,64
grahaos01,1907,Oscar Marion,L,44,1,20
gramaal01,2004,Alex Joseph,L,4,2,5
graneja01,1908,John Gladstone,L,0,1,2
grangje01,1993,Jeffery Adam,L,19,4,27
grantji01,1923,James Ronald,L,0,1,2
graydo01,1909,William Denton,L,213,3,98
grayte01,1946,Ted Glenn,L,687,12,222
greasjo01,1873,John A.,L,3,1,7
greench01,1984,Christopher De Wayne,L,3,1,4
greenfr01,1959,Fred Allen,L,77,5,88
greenne01,1924,Nelson George,L,7,2,15
greggve01,1911,Sylveanus Augustus,L,720,9,239
gregole01,1964,Grover Leroy,L,8,1,11
grifffr01,1892,Frank Wesley,L,18,2,8
griffle01,1946,Leon Clifford,L,4,1,10
grillgu01,1966,Guido John,L,12,2,22
grimsro01,1951,Ross Albert I,L,8,1,7
grimsro02,1971,Ross Albert II,L,750,12,345
grissle01,1934,Lee Theo,L,384,10,162
groombu01,1992,Wedsel Gary (Jr.),L,494,16,786
grossdo01,1955,Donald John,L,230,6,145
grossgr01,1986,Gregory Eugene,L,3,2,2
grottma01,1995,Matthew Allen,L,2,1,2
grovele01,1925,Robert Moses,L,2266,17,616
grundke01,1996,Kenneth Allan,L,0,2,3
grunwal01,1955,Alfred Henry,L,11,2,9
grzenjo01,1961,Joseph Charles,L,173,8,219
guarded01,1993,Edward Adrian,L,798,19,908
gudatma01,1929,Marvin John,L,2,2,8
guettle01,1984,Arthur Lee,L,287,12,425
guidrro01,1975,Ronald Ames,L,1778,14,368
guinnsk01,1968,Drannon Eugene,L,40,3,35
guisele01,1940,Witt Orison,L,1,1,2
gulledo01,1970,Donald Edward,L,921,9,266
gundeer01,1990,Eric Andrew,L,137,11,254
gurala01,1970,Lawrence Cyril,L,801,17,403
guthrma01,1989,Mark Andrew,L,778,19,765
guzmajo02,1991,Dionini Ramon (Estrella),L,3,2,7
haasbr01,1915,Bruno Philip,L,7,1,6
haddiha01,1952,Harvey (Jr.),L,1575,15,453
haefnmi01,1943,Milton Arnold,L,508,10,261
hagadni01,2011,Nicholas Michael,L,11,1,9
hahnfr01,1952,Frederick Aloys,L,0,1,1
hahnno01,1899,Frank George,L,917,8,243
halamjo01,1998,,L,492,10,262
hallabi01,1925,William Anthony,L,856,13,324
hallajo01,1905,John Arthur,L,4,1,3
halldr01,1986,Andrew Clark,L,148,5,125
hallto01,1968,Tom Edward,L,797,12,358
halsebr01,2004,Bradford Alexander,L,160,3,88
hamelco01,2006,Cole Michael,L,1091,6,181
hamilda01,1972,David Edward,L,434,11,301
hamilea01,1911,Earl Andrew,L,790,16,410
hamilst01,1961,Steven Absher,L,531,14,421
hammaat01,1981,Charlton Atlee,L,615,13,249
hammoch01,1990,Christopher Andrew,L,712,14,441
hampsju01,2006,Justin Michael,L,62,3,79
hamptmi01,1993,Michael William,L,1387,16,419
hamulti01,2005,Timothy William Alex,L,36,2,39
hancoga01,1984,Ronald Garry,L,0,1,1
hancole01,1995,Leland David,L,19,2,24
handbr01,2011,Bradley Richard,L,38,1,12
haneych01,1991,Christopher Deane,L,442,13,196
hanleji01,1913,James Patrick,L,2,1,1
hannage01,1976,Gerald Ellis,L,42,4,16
hansesn01,1930,Roy Emil Frederick,L,176,6,155
hansffc01,1898,Frank Cicero,L,0,1,1
hanskdo01,1943,Donald Thomas,L,0,2,3
happja01,2007,James Anthony,L,354,6,88
hardyal01,1902,David Alexander,L,16,2,7
hardyha01,1905,Harry,L,14,2,8
harlola01,1978,Larry Duane,L,1,1,1
harpeha01,1913,Harry Clayton,L,623,10,219
harrihe01,1936,Herbert Benjamin,L,0,1,4
harrima01,2008,Matthew Reid,L,248,4,94
harrimi01,1940,Maurice Charles,L,534,11,271
harshja01,1952,John Elvin,L,741,10,217
hartgde01,1995,Dean Charles,L,58,4,84
hartmbo01,1959,Robert Louis,L,12,2,11
hartrra01,1913,Raymond Joseph,L,1,1,1
harveza01,1900,Ervin King,L,27,2,17
hasslan01,1971,Andrew Earl,L,630,18,387
hathahi01,1992,Hillary Houston,L,12,2,13
hattecl01,1935,Clyde Melno,L,19,2,11
hattejo01,1946,Joseph Hilarian,L,381,8,233
havenbr01,1981,Bradley David,L,370,10,205
haydele01,1958,Eugene Franklin,L,3,1,3
haywara01,1986,Raymond Alton,L,45,3,19
heardja01,1954,Jehosie,L,2,1,2
hearnbu01,1910,Charles Bunn,L,111,6,66
hearnbu02,1926,Elmer Lafayette,L,65,4,59
heatone01,1982,Neal,L,699,14,382
heberwa01,1931,Wallace Andrew,L,115,4,125
hedgpha01,1913,Harry Malcolm,L,0,1,1
heepda01,1988,Daniel William,L,0,2,2
heimafr01,1920,Frederick Amos,L,334,14,296
heimugo01,1983,Gorman John,L,34,2,22
heintke01,1937,Kenneth Alphonse,L,564,14,319
heisecl01,1934,Clarence Edward,L,1,1,1
heismcr01,1901,Christian Ernest,L,23,3,11
hendeed01,1914,Edward J.,L,5,2,8
hendlbo01,1961,Charles Robert,L,522,9,216
hendred01,1910,Edward,L,2,1,4
hendrma01,2002,Mark Allan,L,666,11,328
hennse01,2005,Sean Michael,L,62,6,60
henrybi01,1952,William Rodman,L,621,18,527
henrybi02,1966,William Francis,L,3,1,2
henrybu01,1992,Floyd Bluford (III),L,345,8,148
henrydu01,1921,Frank John,L,170,9,164
henryea01,1944,Earl Clifford,L,15,2,17
henryjo01,1884,John Michael,L,73,3,18
henshro01,1933,Roy Knikelbine,L,337,8,216
henslch01,1986,Charles Floyd,L,6,1,11
heplebi01,1966,William Lewis,L,25,1,37
heredfe01,1996,Felix (Perez),L,351,12,511
hernaca03,2001,Carlos Enrique,L,136,3,35
hernara01,1967,Ramon (Gonzalez),L,255,11,337
hernawi01,1977,Guillermo (Villanueva),L,788,14,744
herreal01,2002,Alexander Jose,L,11,2,15
herreda01,2008,Daniel,L,71,5,131
herrile01,1899,Silas Clarke,L,0,1,2
herrmma01,1918,Martin John,L,0,1,1
heskejo01,1984,Joseph Thomas,L,726,13,339
hessot01,1902,Otto C.,L,580,10,198
hestela01,1901,Lawrence,L,2,1,1
hewitja01,1895,Charles Jacob,L,4,1,4
hibbagr01,1989,James Gregory,L,408,6,165
hibbajo01,1884,John Denison,L,4,1,2
hickebr01,1991,Bryan David,L,279,6,209
hickeja01,1904,John William,L,5,1,2
hickeke01,1981,Kevin John,L,118,6,231
highed01,1901,Edward Thomas,L,4,1,4
higuete01,1985,Teodoro (Valenzuela),L,1081,9,213
hilgeto01,1969,Thomas Eugene,L,173,6,184
hillbi01,1896,William Cicero,L,280,6,124
hillda01,1957,David Burnham,L,1,1,2
hilleho01,1905,Homer Hiller Henry,L,70,3,18
hillejo01,1965,John Frederick,L,1036,15,545
hillmer01,1992,John Eric,L,96,3,49
hillre01,1917,Clifford Joseph,L,0,1,1
hillri01,2005,Richard Joseph,L,370,7,93
hinckmi01,2008,Michael David,L,12,2,28
hinshal01,2008,Alexander Omar,L,49,2,57
hintori01,1971,Richard Michael,L,152,8,116
hippahe01,1966,Herbert August,L,1,1,3
hitchst01,1992,Sterling Alex,L,997,15,281
hittlll01,1949,Lloyd Eldon,L,41,2,47
hittro01,1907,Roy Wesley,L,63,1,21
hobbsjo01,1981,John Douglas,L,1,1,4
hockege01,1934,George Edward,L,25,2,26
hodgeed01,1984,Ed Oliver,L,59,1,25
hodkeel01,1946,Aloysius Joseph,L,0,1,2
hoeftbi01,1952,William Frederick,L,1140,18,505
hoernjo01,1963,Joseph Walter,L,412,16,493
hoersle01,1940,Frank Joseph,L,105,5,98
hoffch01,1911,Chester Cornelius,L,49,4,23
hoffmbi01,1939,William Joseph,L,1,1,3
hoffmda01,1903,Daniel John,L,0,1,1
hoffmgu01,1979,Guy Alan,L,187,6,137
hogsech01,1929,Elon Chester,L,441,12,330
holkewa01,1923,Walter Henry,L,0,1,1
hollaal01,1977,Alfred Willis,L,513,12,384
hollabi02,1939,William David,L,2,1,3
hollade01,2009,Derek,L,323,3,79
hollial01,1935,Albert Wayne,L,608,14,315
hollijo01,1892,John Henry,L,2,1,1
hollyje01,1977,Jeffrey Owen,L,49,3,39
holtzke01,1965,Kenneth Dale,L,1601,17,451
holtzmi01,1996,Michael James,L,223,9,353
holzema01,1993,Mark Harold,L,64,6,94
honeyri01,1977,Frederick Wayne,L,1038,24,797
hooddo01,1973,Donald Harris,L,374,11,297
hoovedi01,1952,Richard Lloyd,L,0,1,2
hoppele01,1898,Clarence Franklin,L,5,1,2
horgajo01,2004,Joseph Paul,L,35,2,55
horsmvi01,1991,Vincent Stanley Joseph,L,61,5,141
horstje01,2011,Jeremy M.,L,9,1,12
hortori01,1984,Ricky Neal,L,319,9,325
hostge01,1956,Eugene Earl,L,14,2,12
hottoto01,2011,Thomas L.,L,2,1,8
houseja01,2010,James Robert,L,1,1,1
housejo02,1914,Joseph William,L,6,1,7
housepa01,1967,Patrick Lory,L,8,2,24
houseto01,1971,Thomas Ross,L,261,9,289
howarch02,1993,Christian,L,25,3,44
howarle01,1946,Lee Vincent,L,8,2,5
howeca01,1952,Calvin Earl,L,2,1,1
howeljp01,2005,James Phillip,L,333,6,212
howest01,1980,Steven Roy,L,328,13,497
hraboal01,1970,Alan Thomas,L,548,13,545
hubbeca01,1928,Carl Owen,L,1677,16,535
hudsoch01,1972,Charles,L,38,3,40
hudsoha01,1952,Hal Campbell,L,4,3,6
hudsoje01,1969,Jesse James,L,3,1,1
huffda01,2009,David Gregory,L,138,3,49
hughebi01,1885,William R.,L,4,1,2
hughedu01,2009,Dustin Robert,L,60,3,80
hugheve01,1914,Vernon Alexander,L,0,1,3
hulihha01,1922,Harry Joseph,L,16,1,7
huntbe01,1910,Benjamin Franklin,L,25,2,9
huntege01,1909,George Henry,L,43,1,16
huntewi01,1962,Willard Mitchell,L,63,3,69
hurstbr01,1980,Bruce Vee,L,1689,16,379
hurstja01,1994,James Lavon,L,5,1,8
huttoto01,1980,Thomas George,L,1,1,1
hynespa01,1903,Patrick J.,L,7,2,6
igawake01,2007,Kei,L,53,2,16
ignasga01,1973,Gary Raymond,L,4,1,3
ilslebl01,1994,Blaise Francis,L,9,1,10
inksbe01,1891,Albert John,L,167,8,89
iottho01,1941,Clarence Eugene,L,53,3,26
ishiika01,2002,Kazuhisa,L,435,4,105
jacksal01,1959,Alvin Neill,L,738,11,302
jacksda01,1978,Darrell Preston,L,229,5,102
jacksda02,1983,Danny Lynn,L,1225,17,353
jacksgr01,1965,Grant Dwight,L,889,21,692
jacksmi01,1970,Michael Warren,L,33,5,23
jacksza01,2006,Zachary Thomas,L,63,4,22
jacobar01,1939,Arthur Edward,L,0,1,1
jacobbe01,1904,Albert Leonard,L,195,5,88
jacomja01,1994,Jason James,L,141,7,106
jacquto01,2000,,L,6,1,9
jamerle01,1924,Charles Dewey,L,0,1,1
jamesch03,2005,Charles Hamilton,L,242,5,72
jamesle01,1912,William A.,L,36,3,31
jamiech01,1916,Charles Devine,L,7,5,13
jastela01,1965,Larry Edward,L,313,7,138
jeffcmi01,1983,James Michael,L,242,11,255
jimence01,2006,Cesar Enrique,L,36,3,43
jimenge01,1988,German (Camarena),L,26,1,15
jimenja01,2002,Jason Jon,L,5,2,6
johnsar01,1927,Arthur Gilbert,L,0,1,1
johnsar02,1940,Arthur Henry,L,71,3,49
johnsau01,1926,Augustus Francis,L,41,2,36
johnsch03,1946,Chester Lillis,L,8,1,5
johnsdo04,1995,Douglas Alan,L,180,4,114
johnsea01,1940,Earl Douglas,L,250,8,179
johnsje02,1991,William Jeffrey,L,76,3,38
johnsji03,1970,James Brian,L,2,1,3
johnsjo01,1894,John Louis,L,10,1,4
johnsjo03,1944,John Clifford,L,49,2,51
johnsjo04,1978,John Henry,L,407,9,214
johnske01,1947,Kenneth Wandersee,L,147,7,74
johnsll01,1934,Lloyd William,L,0,1,1
johnsmi03,2004,Michael Charles,L,20,2,25
johnsol01,1905,Oliver Tracy,L,8,1,4
johnsra05,1988,Randall David,L,4875,24,618
johnsty01,2005,Tyler James,L,65,3,116
johnsvi01,1944,Victor Oscar,L,31,3,42
johnto01,1963,Thomas Edward (Jr.),L,2245,28,760
joinero01,1934,Roy Merrill,L,34,3,52
jonesal01,1889,Alexander H.,L,65,5,26
jonesbo04,1997,Robert Mitchell,L,229,7,99
jonesco01,1898,Albert Edward,L,147,4,70
jonesea01,1945,Earl Leslie,L,13,1,10
jonesga01,1970,Gareth Howell,L,12,2,14
joneshu01,2009,David Hunter,L,12,2,14
jonesmi01,1890,Michael,L,6,1,3
jonesmi02,1980,Michael Carl,L,106,4,71
jonespe01,1920,Percy Lee,L,381,9,251
jonesra01,1973,Randall Leo,L,735,10,305
jonesri01,1976,Thomas Frederick,L,72,3,37
jonesst01,1967,Steven Howell,L,59,3,38
jordani01,1951,Niles Chapman,L,13,2,8
jordari03,1995,Ricardo,L,47,4,69
joycedi01,1965,Richard Edward,L,7,1,5
juddos01,1941,Thomas William Oscar,L,304,9,161
jurewmi01,1965,Michael Allen,L,2,1,2
juulhe01,1911,Herbert Victor,L,2,1,1
kaatji01,1959,James Lee,L,2461,28,898
kaisebo01,1971,Robert Thomas,L,4,1,5
kaiseje01,1985,Jeffrey Patrick,L,38,8,50
kalfabi01,1937,William Philip,L,9,1,3
kampik01,1924,Alphonse Francis,L,24,2,25
kaneha01,1902,Harry,L,43,4,15
kantler01,1914,Erving Leslie,L,141,4,87
kargeed01,1906,Edwin,L,415,8,165
karlsc01,1995,Randall Scott,L,513,7,178
karnsbi01,1901,William Arthur,L,5,1,3
karpehe01,1946,Herbert,L,0,1,2
karpry01,1995,Ryan Jason,L,20,2,16
kashita01,1997,Takashi,L,19,1,35
kazmisc01,2004,Scott E.,L,993,9,180
keatibo01,1887,Robert Edward,L,0,1,1
keefege01,1886,George Washington,L,213,6,78
keefejo01,1890,John Thomas,L,120,1,43
keenaji02,1920,James William,L,9,2,16
keifeka01,1914,Sherman Carl,L,2,1,1
keislra01,2000,,L,100,6,55
kekicmi01,1965,Michael Dennis,L,497,10,235
kelbge01,1898,George Francis,L,8,1,3
kelledi01,1964,Richard Anthony,L,369,7,188
kellnal01,1948,Alexander Raymond,L,816,13,321
kelloal01,1908,Albert Clement,L,8,1,3
kelluwi01,1901,Winford Ansley,L,97,3,48
kellyhe01,1914,Herbert Barrett,L,12,2,10
kennear01,1938,Arthur Joseph,L,2,1,2
kennebi01,1942,William Gorman,L,23,3,31
kennebi02,1948,William Aulton,L,256,9,172
kennejo04,2001,,L,558,10,222
kennemo01,1946,Montia Calvin,L,411,8,249
kentst01,2002,Steven Patrick,L,41,1,34
kerrdi01,1919,Richard Henry,L,235,4,140
kershcl01,2008,Clayton Edward,L,745,4,118
kershja01,2002,Jason Ashley,L,65,4,89
keupphe01,1914,Henry John,L,70,1,42
keyji01,1984,James Edward,L,1538,15,470
kielyle01,1951,Leo Patrick,L,212,7,209
kilbybr01,2009,Brad Thomas,L,28,2,16
kileyjo01,1891,John Frederick,L,1,1,1
kilgupa01,1987,Paul Nelson,L,251,6,163
kilkemi01,1969,Michael David,L,301,8,139
killefr01,1891,Frank Bissell,L,725,12,321
killied01,1903,Edwin Henry,L,516,8,213
kilroma01,1886,Matthew Aloysius,L,1170,10,303
kimeha01,1920,Harold Lee,L,1,1,4
kingke01,1993,Kevin Ray,L,17,3,34
kingra01,1999,,L,278,11,593
kinnede01,1978,Dennis Paul,L,75,6,97
kinnewa01,1918,Walter William,L,129,4,63
kinnumi01,1980,Michael John,L,23,3,48
kippebo01,1985,Robert Wayne,L,369,9,271
kippfr01,1957,Fred Leo,L,64,4,47
kirkbi01,1961,William Partlemore,L,3,1,1
kirkmmi01,2010,Michael Scott,L,37,2,29
kiserga01,1991,Garland Routhard,L,3,1,7
klawito01,1985,Thomas Carl,L,5,1,7
kleinha01,1944,Harold John,L,18,2,14
kleinte01,1934,Theodore Otto,L,48,5,56
klinest02,1997,Steven James,L,493,12,796
klinkjo01,1987,Joseph Charles,L,94,5,176
klobefr01,1896,Frederick Augustus,L,181,5,89
knausfr01,1890,Frank H.,L,159,5,44
kneisru01,1926,Rudolph Frank,L,4,1,2
knellph01,1888,Philip H.,L,575,9,192
kneppbo01,1976,Robert Wesley,L,1473,16,445
knighjo01,1884,Jonah William,L,8,1,6
knotter01,2001,,L,21,2,16
knowlda01,1965,Darold Duane,L,681,17,765
kobelke01,1973,Kevin Richard,L,205,6,115
koechdi01,1946,Richard Finlay,L,8,3,7
koober01,1915,Ernest Gerald,L,121,4,125
kooda01,2005,Dae-Sung,L,23,1,33
koosmje01,1967,Jerome Martin,L,2556,20,612
koronjo01,2005,John Vincent,L,77,4,31
korwaji01,1894,James,L,14,2,6
kosloda01,1941,George Bernard,L,606,13,348
koufasa01,1955,Sanford,L,2396,12,397
kozlobe01,2002,Benjamin Anthony,L,6,1,2
kraemjo01,1989,Joseph Wayne,L,21,2,19
krakajo01,1937,Joseph Victor Lawrence,L,347,7,149
kralija01,1959,John Francis,L,668,10,235
kralyst01,1953,Steve Charles,L,8,1,5
krausha01,1908,Harry William,L,298,6,85
krausja01,1943,John William,L,83,3,70
kraveke01,1975,Kenneth Peter,L,557,8,160
kremmji01,1973,James Louis,L,28,2,27
kreugri01,1975,Richard Allen,L,20,4,17
kreutfr01,1962,Franklin James,L,151,7,78
krivdri01,1995,Rick Michael,L,165,5,72
krockgu01,1888,August H.,L,209,5,60
kroenza01,2010,Zachary B.,L,5,2,7
krohru01,1906,Floyd Myron,L,92,6,36
kruegbi01,1983,William Culp,L,639,17,301
kubenje01,1998,,L,12,2,12
kubinti01,1997,Timothy Mark,L,17,2,25
kuhaufr01,1977,Fred Mahele,L,19,2,8
kulljo01,1909,John A.,L,4,1,1
kuoho01,2005,Hong-Chih,L,345,7,218
kuzavbo01,1946,Robert Leroy,L,446,15,213
laceybo01,1977,Robert Joseph (Jr.),L,251,8,284
laffeaa01,2007,Aaron Steven,L,185,6,126
lamanfr01,1935,Frank James,L,1,1,2
lamaswa01,1937,Noble Wayne,L,173,3,71
lampehe01,1894,Henry Joseph,L,19,2,9
lanahdi01,1935,Richard Anthony,L,62,4,56
landibi01,1963,William Henry,L,135,4,102
langma01,1930,Martin John,L,2,1,2
langsma01,1984,Mark Edward,L,2464,17,457
laniema01,1938,Hubert Max,L,821,15,327
lannajo01,2007,John E.,L,393,5,128
lannire01,1916,Lester Alfred,L,9,1,6
lannito01,1938,Thomas Newton,L,2,1,3
lapalpa01,1951,Paul Edmore,L,277,9,253
lapoida01,1980,David Jeffrey,L,802,15,294
laraju01,2006,Juan Manuel,L,4,2,10
larkipa01,1983,Patrick Clibborn,L,6,1,5
larocda01,1970,David Eugene,L,819,15,647
larosjo01,1978,Henry John,L,0,1,1
lasorto01,1954,Thomas Charles,L,37,3,26
lathabi01,1985,William Carol,L,18,2,14
lattibi01,1908,William Hershel,L,5,1,4
lavelga01,1974,Gary Robert,L,769,14,745
lawrese01,1998,,L,12,1,7
lawsost01,1972,Steven George,L,13,1,13
laxtobi01,1970,William Harry,L,189,6,121
lazarda01,1968,John Daniel,L,20,2,17
leachbr01,2009,Brent,L,19,1,38
leachri01,1984,Richard Max,L,0,1,1
learyja01,1880,John J.,L,23,6,14
leblawa01,2008,Wade Matthew,L,205,4,54
ledezwi01,2003,Wilfredo J.,L,283,12,192
leebi03,1969,William Francis (III),L,713,14,416
leecl02,2002,Clifton Phifer,L,1323,12,254
leeco01,1999,,L,0,1,1
leema03,1988,Mark Owen,L,84,4,116
leemi01,1960,Michael Randall,L,17,2,13
leero01,1945,Roy Edwin,L,0,1,3
leesa01,2000,,L,6,1,9
leeth01,1933,Thornton Starr,L,937,16,374
leewa01,1901,Wyatt Arnold,L,162,4,76
lefebbi01,1938,Wilfred Henry,L,36,4,36
leffecr01,1983,Craig Lindsay,L,719,14,696
lehenre01,1932,Regis Francis,L,1,1,2
lehmake01,1952,Kenneth Karl,L,134,6,134
leibrch01,1979,Charles Louis (Jr.),L,1121,14,394
leifile01,1905,Albert Peter,L,616,13,296
leipeda01,1984,David Paul,L,150,11,264
leipeja01,1891,John Henry Thomas,L,19,1,6
leiteal01,1987,Alois Terry,L,1974,21,419
leithbi01,1899,William,L,1,1,1
lemasde01,1962,Denver Clayton,L,1305,11,357
lemaydi01,1961,Richard Paul,L,69,3,45
lemonda01,1969,David Lee,L,69,2,33
leonadu01,1913,Hubert Benjamin,L,1160,11,331
leoporu01,1928,Rudolph Matas,L,0,1,2
lerchra01,1975,Randy Louis,L,507,13,253
leshndo01,1972,Donald Lee,L,2,1,1
lestejo01,2006,Jonathan Tyler,L,894,6,155
leverwa01,1913,Walter Fred,L,131,3,62
lewisro01,2010,Rommie Lee,L,20,2,20
lewissc02,2008,Scott Edwin,L,18,2,5
leyte01,1971,Terrence Richard,L,7,1,6
liddldo01,1953,Donald Eugene,L,198,5,117
lillide01,1989,Derek Jansen,L,261,9,262
lillyte01,1999,Theodore Roosevelt,L,1632,15,343
lincoez01,1890,Ezra Perry,L,28,2,18
lindbpa01,1965,Paul Aaron,L,671,16,655
linesdi01,1966,Richard George,L,103,2,107
linkfr01,1910,Edward Theodore,L,60,2,25
lintro01,1954,Royce James,L,36,1,30
liriafr01,2005,Francisco Casillas,L,679,6,134
littldi01,1950,Richard Bernard,L,495,13,243
littlje01,1980,Donald Jeffrey,L,43,2,40
livinbo01,2006,Robert James,L,30,2,13
lloydgr01,1993,Graeme John,L,304,13,568
lockeje01,2011,Jeffrey Alan,L,5,1,4
lockero01,1964,Ronald Thomas,L,17,1,25
loewead01,2006,Adam A.,L,134,3,35
loganbo01,1935,Robert Dean,L,67,6,57
loganbo02,2006,Boone,L,186,6,279
lolicmi01,1963,Michael Stephen,L,2832,16,586
lollati01,1980,William Timothy,L,600,8,199
lombalo01,1948,Louis,L,0,1,2
lombavi01,1945,Victor Alvin,L,340,6,223
longjo01,1997,Joey J.,L,8,1,10
longto02,1924,Thomas Francis,L,0,1,1
loonebr01,1993,Brian James,L,11,3,7
lopatar01,1945,Arthur Joseph,L,9,2,8
lopated01,1944,Edmund Walter,L,859,13,340
lopezar02,2009,Javier Arturo,L,0,1,4
lopezja02,2003,Javier Alfonso,L,230,11,490
lopezma01,1963,Marcelino Pons,L,426,9,171
lorenle01,1913,Adolph Andreas,L,0,1,1
lorraan01,1994,Andrew Jason,L,113,8,59
loughla01,1967,Larry John,L,5,1,3
loundo01,1964,Donald Nelson,L,3,1,2
lovelva01,1988,Vance Odell,L,2,3,9
lovesl01,1913,Edward Haughton,L,251,6,119
lowdelo01,1911,Louis Bailey,L,22,2,20
lowryno01,2003,Noah Ryan,L,420,5,106
lucasga01,1980,Gary Paul,L,410,8,409
luebkco01,2010,Cory Robert,L,172,2,50
luebkdi01,1962,Richard Raymond,L,7,1,10
lukasma01,2001,,L,40,2,41
lumenra01,1957,Raphael Anthony,L,30,3,13
luname01,1954,Guillermo Romero,L,0,1,1
lushjo01,1904,John Charles,L,490,8,182
lylesp01,1967,Albert Walter,L,873,18,899
macdobo01,1990,Robert Joseph,L,142,6,197
mackbi01,1908,William Francis,L,2,1,2
mackeke01,1960,Kenneth Purvis,L,142,7,129
maclaev01,2010,Evan Alan,L,0,1,2
maclebi01,1962,William Daniel,L,2,1,2
maconma01,1938,Max Cullen,L,90,6,81
maculji01,1885,James F.,L,1,2,2
maddeki01,1887,Michael Joseph,L,284,6,122
maddele01,1912,Leonard Joseph,L,5,1,6
maddemi01,1983,Michael Anthony,L,119,4,71
maddemo01,1987,Morris De Wayne,L,9,3,16
madribo01,2004,Robert Allen,L,61,2,16
magnami01,1991,Michael Anthony,L,347,12,484
magnuji01,1970,James Robert,L,40,3,36
magrajo01,1987,Joseph David,L,564,9,190
mahanar01,1940,Arthur Leo,L,0,1,1
mahayro01,1997,Ronald Matthew,L,470,17,514
mahlemi01,1977,Michael James,L,262,10,122
maholpa01,2005,Paul G.,L,705,7,185
mahonal01,1930,Alfred Gwinn,L,0,1,3
mailsdu01,1915,John Walter,L,232,7,104
mainesc01,2010,Scott,L,16,2,20
maireos01,2000,,L,21,2,33
makowto01,1975,Thomas Anthony,L,3,1,3
malasma01,2003,Dennis Mark,L,29,2,41
mallema01,1950,Malcolm Francis,L,2,1,2
malliro01,1987,Robbin Dale,L,42,3,51
malonma02,2009,Matthew M.,L,54,3,22
mannich01,2008,Charles Nelson,L,37,1,57
mansklo01,1906,Louis Hugo,L,6,1,2
manzara01,1988,Ravelo (Adams),L,50,3,53
mapelro01,1919,Rolla Hamilton,L,2,1,4
margojo01,1956,Joseph Emanuel,L,67,2,36
maronlo01,1969,Louis Stephen,L,25,2,30
marotmi01,2002,Michael Warren,L,443,7,161
marquru01,1908,Richard William,L,1593,19,536
marshja01,2007,Jay William,L,19,2,61
marshse01,2006,Sean Christopher,L,439,6,292
marteda01,1999,,L,533,12,570
martida01,1990,David,L,0,2,2
martijo05,1980,John Robert,L,120,5,91
martilu01,2003,Luis,L,10,1,4
martimo01,1949,Morris Webster,L,245,13,250
martipa01,1919,Patrick Francis,L,20,2,10
martipe03,1993,Pedro (Aquino),L,114,6,122
martiti01,1974,Felix Anthony,L,632,15,546
martito02,1997,Thomas Edgar,L,224,12,376
masaoon01,1999,,L,88,2,83
masonmi01,1982,Michael Paul,L,363,8,140
mastepa01,1940,Paul Nicholas,L,14,3,8
mathegr01,1986,Gregory Inman,L,251,5,93
mathica01,1960,Carl Lynwood,L,20,2,11
matlajo01,1971,Jonathan Trumpbour,L,1516,13,361
matthjo01,1922,John Joseph,L,0,1,3
matthmi01,2000,,L,175,7,230
mattimi01,1887,Michael Joseph,L,132,5,58
matusbr01,2009,Brian Robert,L,219,3,52
maureda01,2000,,L,18,4,22
mayda02,1995,Darrell Kevin,L,414,9,161
mayered02,1957,Edwin David,L,17,2,22
mayersa01,1915,Samuel Frankel,L,0,1,1
mayja01,1917,Frank Spruiell,L,765,14,410
mayru01,1965,Rudolph (Jr.),L,1760,18,535
mcavoto01,1959,Thomas John,L,0,1,1
mcbeepr01,1926,Pryor Edward,L,1,1,1
mcbrima01,2005,Joseph Macay,L,98,4,132
mccaldu01,1948,Robert Leonard,L,89,1,30
mccalwi01,1948,John William,L,144,7,134
mccarda01,2004,David Andrew,L,4,1,3
mccargr01,1996,"Gregory O'Neil",L,66,3,76
mccarjo03,1939,John Joseph,L,0,1,1
mccaual01,1884,Allen A.,L,34,1,10
mccloji01,1936,James Ellwood,L,2,1,4
mcclubo01,1975,Robert Craig,L,701,22,698
mccluha02,1915,Harry Robert,L,2,1,3
mcconsa02,2004,John Samuel,L,4,1,10
mccoobi01,1964,William John,L,471,7,292
mccormi03,1956,Michael Francis,L,1321,17,484
mcdermi03,1948,Maurice Joseph,L,757,13,291
mcdevda01,1957,Daniel Eugene,L,303,7,155
mcdilal01,1997,Allen Gabriel,L,28,4,38
mcdowsa01,1961,Samuel Edward Thomas,L,2453,16,425
mcelrch01,1989,Charles Dwayne (Sr.),L,604,17,654
mcenawi01,1974,William Henry,L,148,6,269
mcgeeja01,2010,Jacob Daniel,L,33,2,45
mcgiljo01,1944,John Joseph,L,0,1,2
mcgilwi01,1890,William Vaness,L,510,8,168
mcginda01,1968,Daniel Michael,L,293,5,210
mcgingu01,1893,August,L,25,2,18
mcgowmi01,1948,Tullis Earl,L,2,1,3
mcgraho01,1912,Howard,L,5,1,4
mcgrato01,1997,Thomas Virgil,L,0,1,2
mcgratu01,1965,Frank Edwin (Jr.),L,1109,19,824
mcgresc01,1976,Scott Houston,L,904,13,356
mcilvir01,1906,Henry Cooke,L,3,1,2
mckaiar01,1937,Archie Richard,L,188,7,165
mckeero01,1943,Rogers Hornsby,L,1,2,5
mckeojo01,1986,Joel Jacob,L,32,2,43
mclauji01,1884,James Thomas,L,8,1,3
mclauju01,1931,Justin Theodore,L,4,3,16
mclauwa01,1900,Warren A.,L,17,3,7
mclemma02,2007,Mark Steven,L,35,1,29
mcmacsa01,1902,Samuel,L,4,2,2
mcmahja02,1956,Jack Wally,L,22,2,34
mcmakjo01,1902,John Weaver,L,6,1,4
mcmuljo01,1871,John F.,L,37,4,37
mcnalda01,1962,David Arthur,L,1512,14,424
mcnicbr01,1999,,L,12,1,4
mcquemi01,1969,Michael Robert,L,140,5,73
mctigbi01,1911,William Patrick,L,41,3,27
mcwilla01,1978,Larry Dean,L,940,15,370
meadoru01,1926,Rufus Rivers,L,0,1,1
meadsda01,1987,David Donald,L,59,2,67
medliir01,1949,Irving John,L,9,2,9
meekero01,1923,Charles Roy,L,54,3,42
meersru01,1941,Russell Harlan,L,35,3,43
meltocl01,1937,Clifford George,L,660,8,272
mercahe01,2000,,L,127,4,112
mercema01,1981,Mark Kenneth,L,8,1,7
merckke01,1989,Kent Franklin,L,917,21,692
merensp01,1934,John Joseph,L,7,1,4
meridro01,1984,Ronald Knox,L,46,4,51
merriji01,1965,James Joseph,L,932,11,297
meyerbo01,1964,Robert Bernard,L,92,5,38
meyerda02,2004,Daniel L.,L,92,5,103
michach01,1998,,L,87,5,61
michajo02,1932,John Joseph,L,16,1,28
middljo01,1922,John Wayne,L,2,1,2
mijarjo01,2008,Jose Manuel,L,118,4,186
mikloha01,1944,John Joseph,L,0,1,2
milchmi01,1996,Michael Wayne,L,29,2,39
milesca01,1940,Carl Thomas,L,6,1,2
mileywa01,2011,Wade A.,L,25,1,8
millean01,2006,Andrew Mark,L,288,6,96
millebi04,1952,William Paul,L,72,4,41
millebo03,1953,Robert Gerald,L,75,6,86
millecy01,1884,Joseph H.,L,125,4,27
milleel02,1929,Elmer Joseph,L,5,1,8
millefr01,1910,Frederick Holman,L,2,1,6
milleja02,1924,Walter,L,305,9,200
milleja03,2007,Jason Douglas,L,2,1,4
millela01,1964,Larry Don,L,93,3,48
millema01,2001,,L,7,2,15
millera04,1921,Ralph Henry,L,0,1,1
milletr01,1996,Travis Eugene,L,199,7,203
milletr02,1996,Trever Douglas,L,434,16,694
millibi01,1901,William Joseph,L,11,2,11
millijo02,1928,John Alexander,L,38,5,35
millsbr02,2009,Bradley Aaron,L,45,3,14
millsle01,1934,Howard Robinson,L,267,5,96
milnaal01,1936,Albert Joseph,L,350,10,188
milonto01,2011,Tomaso Anthony,L,15,1,5
milstge01,1924,George Earl,L,27,3,36
miltoer01,1998,,L,1127,11,271
mimbsmi01,1995,Michael Randall,L,178,3,73
minerra01,1921,Raymond Theadore,L,0,1,1
minetcr01,1978,Craig Stephen,L,76,4,55
mingost01,1970,Steven Bernard,L,329,11,385
minnepa01,1946,Paul Edison,L,481,10,253
minormi01,2010,Michael David,L,120,2,24
minutgi01,1990,Gino Michael,L,31,3,27
mirabpa01,1978,Paul Thomas,L,258,13,298
miranan01,1993,Angel Luis (Andujar),L,243,5,116
mischpa01,2006,Patrick Theodore Joseph,L,116,7,78
mitchbo01,1877,Robert McKasha,L,184,4,45
mitchcl01,1911,Clarence Elmer,L,543,20,390
mitchmo01,1923,Monroe Barr,L,8,1,10
mitchwi01,1909,William,L,921,12,276
mizelvi01,1952,Wilmer David,L,918,11,268
mmahake01,1989,Kevin Paul,L,3,1,4
moellde01,1992,Dennis Michael,L,19,2,15
moellro01,1956,Ronald Ralph,L,104,5,52
mogrige01,1911,George Anthony,L,678,16,398
mohlemi01,1993,Michael Ross,L,281,10,347
molesca01,1895,Carlton,L,7,1,4
mongesi01,1975,Isidro Pedroza,L,471,13,435
montere01,1938,Rene (Miranda),L,93,3,46
mooneji01,1931,Jim Irving,L,116,4,92
moonle01,1932,Leo,L,1,1,1
mooreba01,1965,Robert Barry,L,278,7,140
mooreba02,1970,Balor Lilbon,L,496,8,180
moorege02,1909,Eugene (Sr.),L,17,3,10
moorema02,2011,Matthew Cody,L,15,1,3
moorero01,1920,Roy Daniel,L,154,5,80
mooretr01,1998,,L,60,3,23
moragda01,2000,,L,2,2,4
moralfr01,2007,Franklin M.,L,145,6,138
moranha01,1912,Harry Edwin,L,163,3,73
moransa01,1895,Samuel,L,19,1,10
morehse01,1957,Seth Marvin,L,184,6,132
morenan01,1981,Angel (Veneroso),L,34,2,21
morenju02,2001,,L,39,2,49
moretro01,1970,Rogelio (Torres),L,408,9,168
moriage01,1884,Eugene John,L,5,2,3
mormaal01,1996,Alvin,L,98,5,176
morogda01,1983,Daniel Joseph,L,15,1,22
moronji01,1906,James Francis,L,29,3,25
morried01,1884,Edward,L,1217,7,311
morriji02,1999,James Samuel,L,13,2,21
morrijo06,1966,John Wallace,L,137,8,132
mortoke01,1991,Kevin Joseph,L,45,1,16
mortosp01,1884,William P.,L,5,1,2
mosesjo01,1989,John William,L,0,2,3
moskoda01,2011,Daniel Ross,L,11,1,31
mossda01,2001,,L,204,5,74
mossido01,1954,Donald Louis,L,932,12,460
mossma01,1930,Charles Malcolm,L,4,1,12
mouncto01,2003,Anthony David,L,30,1,11
moyerja01,1986,Jamie,L,2405,26,686
mroziro01,1954,Ronald Frank,L,44,2,37
muirjo01,1951,Joseph Allen,L,22,2,21
muldema01,2000,,L,834,9,205
mulhote01,1986,Terence John,L,1325,26,685
mullesc01,2000,,L,35,5,75
mullidi01,1941,Richard Charles,L,23,4,25
mulligr01,1998,Gregory Eugene,L,1,1,2
munozar01,2004,Arnaldo Rafel,L,14,2,24
munozmi01,1989,Michael Anthony,L,240,13,453
murakma01,1964,Masanori,L,100,2,54
murchti01,1917,Thomas Malcolm,L,2,2,3
murphbi02,2007,William R.W.,L,8,2,18
murphro01,1985,Robert Albert,L,520,13,597
murraaj01,2007,Arlington John,L,23,2,16
murraam01,1936,Ambrose Joseph,L,2,1,4
murrahe01,1997,Heath Robertson,L,94,4,88
murraji02,1922,James Francis,L,3,1,4
murrajo01,1950,Joseph Ambrose,L,8,1,8
murrapa01,1919,Patrick Joseph,L,11,1,8
musiast01,1952,Stanley Frank,L,0,1,1
musseje01,1986,Jeffrey Joseph,L,125,6,142
mussene01,2007,Neal Gordon,L,19,2,18
mussiba01,1944,Bernard James,L,5,1,16
mutisje01,1991,Jeffrey Thomas,L,73,4,58
myersmi01,1995,Michael Stanley,L,429,16,883
myersra01,1985,Randall Kirk,L,884,15,728
myricbo01,1976,Robert Howard,L,73,3,82
nabhoch01,1990,Christopher William,L,405,7,141
nagyst01,1947,Stephen,L,21,2,15
naktepe01,1936,Peter Ernest,L,19,2,10
nancesh01,2002,Joseph Shane,L,39,3,49
narrosa02,2004,Samuel Franklin,L,1,1,1
narvech01,2006,Christopher Gregg,L,321,4,93
nastuph01,1978,Philip,L,53,3,34
natiojo01,2000,,L,8,1,2
neaglde01,1991,Dennis Edward (Jr.),L,1415,15,392
nehfar01,1915,Arthur Neukom,L,844,18,451
neigeal01,1960,Alvin Edward,L,3,1,6
nekolbo01,1929,Francis Joseph,L,2,2,11
nelsoan01,1908,Andrew Anthony,L,1,1,2
nelsome01,1960,Melvin Frederick,L,98,6,93
neuerte01,1907,John S.,L,22,1,7
newhoha01,1939,Harold,L,1796,17,488
newmaal02,1999,,L,20,2,19
newmajo01,2007,Joshua Paul,L,11,3,14
newmara01,1971,Raymond Francis,L,46,3,45
newtodo01,1900,Eustace James,L,502,9,177
nichoch02,1951,Chester Raymond (Jr.),L,266,9,189
nicolge01,1890,George Edward,L,42,4,15
niehadi01,1913,Richard J.,L,43,4,45
nielsje01,1992,Gerald Arthur,L,20,2,30
niemara01,1979,Randal Harold,L,102,8,122
niemeja01,1943,Jacob Leland,L,1,1,3
niesejo01,2008,Jonathon Joseph,L,315,4,65
nieveju01,1986,Juan Manuel (Cruz),L,352,3,94
nifu01,2009,Fu-Te,L,43,2,58
nischro01,1961,Ronald Lee,L,58,4,88
nitkocj01,1995,Christopher John,L,347,13,336
nolteer01,1987,Eric Carl,L,69,5,26
nomurta01,2002,Takahito,L,9,1,21
nopsje01,1896,Jeremiah Henry,L,294,7,136
norbejo01,2010,Jordan,L,19,2,39
normafr01,1962,Fredie Hubert,L,1303,19,403
nortoph01,2000,,L,61,4,92
novoara01,1990,Rafael Angel,L,31,2,22
nunezjo02,2001,,L,60,3,63
nuxhajo01,1944,Joseph Henry,L,1372,17,526
nyeri01,1966,Richard Raymond,L,267,6,113
nymanje01,1968,Gerald Smith,L,69,3,30
oberldo01,1888,Hartman Louis,L,23,1,3
obriebo01,1971,Robert Allen,L,15,1,14
oconnbr01,2000,,L,7,1,6
oconnfr01,1893,Frank Henry,L,0,1,3
oconnja02,1981,Jack William,L,177,6,129
oconnmi01,2006,Michael Patrick,L,71,3,35
odeapa01,1944,Paul,L,0,2,4
odellbi01,1954,William Oliver,L,1133,14,479
odenwte01,1921,Theodore Joseph,L,6,2,11
odonojo01,1963,John Eugene,L,377,10,257
odonojo02,1993,John Preston,L,16,1,11
odoulle01,1919,Francis Joseph,L,19,4,34
oelkebr01,1983,Bryan Alois,L,46,2,45
oflaher01,2006,Eric George,L,188,6,290
ohljo01,1909,Joseph Earl,L,2,1,4
ohmanwi01,2000,William McDaniel,L,323,10,451
ohmeke01,2003,Kevin Arthur,L,2,1,2
ojalaki01,1997,Kirt Stanley,L,99,3,56
ojedabo01,1980,Robert Michael,L,1128,15,351
okajihi01,2007,Hideki,L,215,5,261
okriefr01,1920,Frank Anthony,L,9,1,21
oldhare01,1914,John Cyrus,L,267,7,176
olivean01,2010,Andrew,L,23,2,7
oliveda02,1993,Darren Christopher,L,1167,20,654
olivodi01,1960,Diomedes Antonio (Maldonado),L,85,3,85
ollomji01,1966,James Donald,L,28,2,24
olmstal01,1980,Alan Ray,L,14,1,5
olsensc01,2005,Scott Matthew,L,528,6,130
olsenve01,1939,Vern Jarl,L,201,5,112
olsonga01,2007,Garrett Andrew,L,193,5,103
olwined01,1986,Edward R.,L,54,3,80
omallry01,2006,Ryan Joseph,L,4,1,2
oneilpa01,1987,Paul Andrew,L,2,1,1
oropeed01,2001,,L,78,4,125
oroscje01,1979,Jesse Russell,L,1179,26,1252
orwolos01,1928,Oswald Christian,L,65,2,39
osbordo01,1992,,L,558,9,163
osborfr01,1890,Frederick W.,L,14,1,8
osburpa01,1974,Larry Patrick,L,5,2,12
osteecl01,1957,Claude Wilson,L,1612,20,541
ostenfr01,1914,Frederick K.,L,0,1,1
osterbi01,1954,William Charles,L,5,1,8
osterfr01,1934,Frederick Raymond,L,774,17,390
ostinji01,2001,,L,10,2,6
ostrojo02,1948,Joseph Paul,L,131,6,150
osunaal01,1990,Alfonso (Jr.),L,143,6,218
oteybi01,1907,William Tilford,L,33,3,24
otisha01,1909,Harry George,L,6,1,5
otoolji01,1958,James Jerome,L,1039,10,270
ottoda01,1987,David Alan,L,144,8,109
outmajo01,2008,Joshua S.,L,107,3,33
overmst01,1943,Frank W.,L,301,11,266
owchibo01,1976,Robert Dennis,L,490,10,275
paborch01,1871,Charles Henry,L,0,3,10
package01,1912,Eugene Milo,L,488,9,248
pactwjo01,1975,Joseph Martin,L,3,1,4
pagejo01,1944,Joseph Francis,L,519,8,285
pageph01,1928,Philippe Rausac,L,15,4,31
paintla01,1993,Lance Telford,L,331,11,314
palmeem01,1915,Emilio Antonio,L,48,5,41
papisfr01,1945,Frank Richard,L,255,6,149
parneme01,1947,Melvin Lloyd,L,732,10,289
parquji01,1998,,L,335,6,103
parrama01,2007,Manuel Alex,L,418,4,110
parrijo01,2000,,L,225,9,183
parsoch01,1886,Charles James,L,12,3,8
partest02,1944,Stanwood Wendell,L,6,2,9
pastoji01,1906,James Washington,L,205,4,97
patejo01,1926,Joseph William,L,38,2,79
paterjo01,2011,Joseph Michael,L,28,1,62
pattebo01,1985,Robert Chandler,L,483,13,559
patteca01,1901,Case Lyman,L,757,9,270
patteke01,1988,Kenneth Brian,L,183,7,224
pattiji01,1929,James Wells,L,5,1,6
pattotr01,2007,Troy Jamieson,L,31,3,24
paulmi01,1968,Michael George,L,452,8,228
payneha01,1896,Harley Fenwick,L,148,4,80
pazikmi01,1975,Michael Joseph,L,20,3,13
pearcge01,1912,George Thomas,L,260,6,103
pearsja01,2002,Jason John,L,4,2,4
peaslma01,1910,Marvin Warren,L,4,1,2
peeryre01,1927,George Allan,L,3,2,10
penahi01,1986,Hipolito (Concepcion),L,32,3,42
penaje01,1999,,L,40,3,48
penaji01,1992,James Patrick,L,32,1,25
pennibr01,1993,Brad Lee,L,83,7,79
pennohe01,1912,Herbert Jefferis,L,1227,23,617
perezca01,1995,Carlos Gross,L,448,6,142
perezju01,2006,Juan P.,L,21,3,32
perezlu01,2011,Luis Manuel (Gonzalez),L,54,1,37
perezod01,1998,Odalis Amadol,L,920,11,252
perezol01,2002,Oliver (Martinez),L,1126,11,206
perezra01,2006,Rafael Jerome,L,264,6,330
perezyo01,1991,Yorkis Miguel Vargas,L,259,9,337
perisma01,1997,Matthew Alan,L,202,9,177
perkich01,1930,Charles Sullivan,L,20,2,19
perkigl01,2006,Glen Weston,L,224,6,145
perkoha01,1947,Harry Walter,L,296,8,184
permele01,1942,Leonard John,L,6,2,8
pernohu01,1910,Henry Huston,L,28,2,14
perraro01,1961,Ronald Peter,L,687,15,737
perribi01,1934,William Joseph,L,3,1,1
perrypa02,1985,William Patrick,L,131,8,182
peterch01,1996,Christopher Michael,L,224,6,136
peterfr01,1966,Fritz Fred,L,1015,13,355
peterga01,1959,Gary Charles,L,1420,14,359
peterke01,1944,Kent Franklin,L,208,8,147
peterst01,1987,Steven Bradley,L,41,2,56
pettian01,1995,Andrew Eugene,L,2251,16,489
pettile01,1935,Leon Arthur,L,45,2,44
pettipa01,1951,George William Paul,L,14,2,12
pettyad01,2001,,L,41,2,19
pettyje01,1921,Jesse Lee,L,407,8,207
pezzupr01,1935,John,L,24,2,42
pfiesja01,1903,John Albert,L,503,8,149
phelpto01,2003,Thomas Allen,L,85,3,75
phillhe01,2007,Heath Michael,L,2,1,6
phillta01,1956,William Taylor,L,233,7,147
phillza01,2011,Zachary David,L,8,1,10
piattwi01,1898,Wiley Harold,L,517,7,182
pickeri01,1998,,L,2,1,2
pickfke01,2002,Kevin Patrick,L,18,1,16
piercbi02,1945,Walter William,L,1999,18,585
pierced01,1992,Edward John,L,3,1,2
piercra01,1924,Raymond Lester,L,38,3,66
piercto01,1967,Tony Michael,L,77,2,66
pierswi01,1918,William Morris,L,10,3,11
pignaca01,2007,Carmen Peter,L,3,2,6
piktuge01,1956,George Richard,L,3,1,2
pillisq01,1915,Cecil Randolph,L,0,1,2
pinkhed01,1871,Edwin B.,L,0,1,3
pintole01,1922,William Lerton,L,5,2,12
pintore01,2006,Renyel Eligio,L,222,5,244
pitlosk01,1970,Lee Patrick Thomas,L,124,3,59
pizarju01,1957,Juan Ramon (Cordova),L,1522,22,488
planked01,1901,Edward Stewart,L,2246,17,623
planter01,1993,Erik John,L,16,3,61
pleisbi01,1961,William (III),L,184,6,190
plesada01,1986,Daniel Thomas,L,1041,20,1064
podrejo01,1953,John Joseph,L,1435,16,440
poindje01,1936,Chester Jennings,L,14,2,14
polivke01,1947,Kenneth Lyle,L,1,1,2
polleda01,1996,Ezra Dale,L,14,1,32
polleho01,1941,Howard Joseph,L,934,17,403
polonjo01,1977,John Paul,L,5,1,2
pomerdr01,2011,Thomas Andrew,L,13,1,4
pooleji02,1990,James Richard,L,256,16,431
poredaa01,2009,Aaron Andermon,L,12,2,14
porteod01,1902,Odie Oscar,L,2,1,1
portoal01,1948,Alfred,L,1,1,3
porzimi01,1999,,L,52,3,51
pottne01,1922,Nelson Adolph,L,0,1,2
pottsmi01,1996,Michael Larry,L,21,1,24
powelde01,1985,Dennis Clay,L,199,9,207
powelgr01,1963,Grover David,L,39,1,20
powelro01,1993,Ross John,L,42,4,48
prallwi01,1975,Wilfred Anthony,L,7,1,3
prattan01,2002,Andrew Elias,L,2,2,5
prendji01,1948,James Bartholomew,L,3,1,10
priceda01,2008,David Taylor,L,520,4,94
pricejo02,1980,Joseph Walter,L,657,12,372
priesed01,1998,,L,1,1,2
primra01,1933,Raymond Lee,L,161,6,116
proesge01,1888,George,L,20,1,7
pruethu01,1922,Hubert Shelby,L,357,7,211
pulidal01,1983,Alfonso (Manzo),L,16,3,12
pulidca01,1994,Juan Carlos (Valera),L,47,3,32
pulsibi01,1995,William Thomas,L,202,8,106
purceda01,2008,David Kent,L,151,6,87
puttmam01,1903,Ambrose Nicholas,L,85,4,33
pyleew01,1939,Herbert Ewald,L,122,6,67
pylesh01,1884,Harry Thomas,L,9,2,5
quintlu01,1974,Luis Joaquin (Santos),L,16,2,22
quirira01,1996,Rafael Octavio (Dottin),L,1,1,1
quirkar01,1962,Arthur Lincoln,L,30,2,14
rabech01,1957,Charles Henry,L,16,2,11
raczkmi01,1992,Michael,L,2,1,8
raderdr01,1921,Drew Leon,L,0,1,1
radinsc01,1990,Scott David,L,358,11,557
raffeke01,1939,Kenneth David,L,806,16,396
rajsida01,1978,David Christopher,L,76,3,55
raleijo01,1909,John Austin,L,28,2,18
ramirer01,2003,Erasmo,L,56,5,91
ramirho01,2003,Horacio,L,318,9,169
ramirro01,1998,,L,49,2,53
ramosce01,2009,Cesar,L,50,3,78
ramosma01,2003,Mario Martin,L,8,1,3
ramsaro01,1999,,L,43,2,43
ramseto01,1885,Thomas H.,L,1515,7,248
randost01,2003,Stephen LeCharles,L,134,3,109
rapadcl01,2007,Clayton Anthony,L,44,6,78
rasmude01,1983,Dennis Lee,L,835,15,256
rathga01,1998,,L,5,2,8
raudo01,1972,Douglas James,L,697,9,222
rautzla01,1977,Clarence George,L,45,4,83
rawlesh01,1978,Shane William,L,991,13,469
rayca01,1915,Carl Grady,L,11,2,5
redmama01,1999,,L,747,12,219
reesst01,1918,Stanley Milton,L,1,1,2
reinhar01,1919,Arthur Conrad,L,79,5,92
remlimi01,1991,Michael John,L,854,16,639
renfrma01,1959,Marshall Daniel,L,3,1,1
reussje01,1969,Jerry,L,1907,25,628
reyesde01,1997,Dennys (Velarde),L,642,18,673
reyesjo03,2007,Joseph Albert,L,215,6,70
reynoke01,1970,Kenneth Lee,L,197,6,103
reynoma02,2010,Matthew,L,67,2,94
rheinjo01,2006,John Philip,L,68,2,44
rhodear01,1991,Arthur Lee (Jr.),L,1152,22,900
riccefr01,1976,Frank Joseph,L,32,3,17
richacl01,2008,Clayton C.,L,349,5,102
richadu02,2009,Dustin A,L,12,2,29
richago01,1964,Gordon Clark,L,86,3,69
richepe01,1962,Peter Gerard,L,925,15,429
richmbe01,1933,Beryl Justice,L,11,2,10
richmle01,1879,J Lee,L,552,6,191
riddlde01,1970,Dennis Michael,L,95,3,103
ridgwje01,2007,Jeffrey Allen,L,8,2,13
righeda01,1979,David Allan,L,1112,17,718
rileyge01,1979,George Michael,L,40,4,41
rileyma01,1999,,L,78,4,26
rincori01,1997,Ricardo (Espinoza),L,400,12,565
rineeje01,1979,Jeffrey Alan,L,0,1,1
ringro01,2005,Roger Royce,L,55,6,99
ripplch01,1944,Charles Dawson,L,10,3,11
ritchwa01,1987,Wallace Reid,L,98,4,147
riverro01,1995,Roberto (Diaz),L,5,2,19
rixeyep01,1912,Eppa,L,1350,21,692
rizzoto01,1998,,L,5,2,12
roachjo01,1887,John F.,L,3,1,1
robbibr01,1979,Bruce Duane,L,45,2,25
roberda04,1967,Dale,L,0,1,2
roberda05,1969,David Arthur,L,957,16,445
roberje02,2002,Jeriome Paul,L,111,3,51
roberna01,2002,Nathan Daniel,L,775,10,223
roberri02,1993,Richard Wayne,L,237,6,114
robersi01,1995,Sidney Dean,L,40,1,26
robinha01,1911,John Henry,L,238,6,150
rochfmi01,1988,Michael Joseph,L,2,3,8
rockejo01,1998,,L,332,7,280
rodasri01,1983,Richard Martin,L,6,2,10
rodrijo02,2000,Jose Ilich,L,3,3,12
rodriri02,1990,Richard Anthony,L,396,14,609
rodriro02,1989,Rosario Isabel (Echavarria),L,18,3,34
rodriwa01,2005,Wandy Fulton,L,1004,7,206
rodriwi01,2001,,L,3,1,2
roecl01,1923,James Clay,L,2,1,1
roepr01,1938,Elwin Charles,L,956,12,333
rogerbu01,1935,Orlin Woodrow,L,7,1,2
rogerke01,1989,Kenneth Scott,L,1968,21,762
rogerke02,1992,Charles Kevin,L,95,3,79
rogerle01,1938,Lee Otis,L,18,2,26
roggega01,1963,Garry Earl,L,56,7,79
rohrbi01,1967,William Joseph,L,21,2,27
rohrle01,1967,Leslie Norvin,L,20,3,6
rolanji01,1962,James Ivan,L,272,12,216
romerda01,2006,Davis Javier (Rodriguez),L,10,1,7
romerjc01,1999,,L,520,15,664
romerra01,1984,Ramon (De Los Santos),L,41,2,20
romerri01,2009,Ricardo,L,493,3,93
rookeji01,1968,James Phillip,L,976,13,319
roquera01,1998,,L,104,3,56
rosadjo01,1996,Jose Antonio,L,484,5,125
rosebze01,1898,Eli Ethelbert,L,8,2,6
rosech01,1909,Charles Alfred,L,6,1,3
rosenst01,1988,Steven Allen,L,115,4,87
rossbo01,1950,Floyd Robert,L,29,3,20
rossbu01,1924,Chester Franklin,L,31,3,64
rosscl01,1954,Clifford David,L,1,1,4
rossco01,2009,Cody J.,L,0,1,1
rossejo01,1995,Joseph Donald,L,7,1,9
rosser01,1902,Ernest Bertram,L,2,1,2
rossge01,1918,George Sidney,L,2,1,1
rotblma01,1948,Marvin,L,30,3,35
rowedo01,1963,Donald Howard,L,27,1,26
rowlary01,2007,Ryan Benjamin,L,220,4,115
rozekdi01,1950,Richard Louis,L,26,5,33
ruckeda01,1981,David Michael,L,170,8,206
ruckena01,1907,George,L,1217,10,336
rudoldo01,1957,Frederick Donald,L,182,8,124
ruebema01,1996,Matthew Alexander,L,78,3,77
rueteki01,1993,Kirk Wesley,L,818,14,340
ruethdu01,1917,Walter Henry,L,708,13,309
ruffibr01,1986,Bruce Wayne,L,843,12,469
rundlri01,2008,Richard Lambert,L,7,2,9
runyase01,1998,,L,46,3,103
runzlda01,2009,Daniel Joseph,L,73,3,83
ruschgl01,1997,Glendon James,L,1088,14,342
ruskisc01,1990,Scott Drew,L,146,5,192
russeja02,2010,James Clayton,L,85,2,121
russejo01,1917,John Albert,L,19,4,21
russele01,1910,Clarence Dickson,L,21,3,13
russere01,1913,Ewell Albert,L,495,7,242
russoma01,1939,Marius Ugo,L,311,6,120
rustedi01,1966,Richard Frank,L,9,1,8
ruthba01,1914,George Herman,L,488,10,163
ryanbj01,1999,,L,625,12,560
ryanji01,1886,James Edward,L,43,5,24
ryersga01,1972,Gary Lawrence,L,55,2,29
rzepcma01,2009,Marc,L,178,4,96
sabatcc01,2001,Carsten Charles,L,2017,12,355
sadecra01,1960,Raymond Michael,L,1614,22,563
sadleca01,2002,William Carl,L,33,2,42
salech01,2010,Christopher,L,111,2,79
sallesl01,1908,Harry Franklin,L,836,16,476
salmoro01,1912,Roger Elliott,L,5,1,2
salvegu01,1908,Augustus William,L,6,1,2
sambijo01,1976,Joseph Charles,L,489,11,461
sampsbe01,1998,,L,72,2,35
samuero01,1988,Roger Howard,L,24,2,20
sanchfe01,2003,Felix Antonio,L,2,1,3
sanchis01,1988,Israel (Matos),L,19,2,30
sanchje01,1998,,L,384,7,162
sanchjo01,2006,Jonathan O.,L,736,6,174
sandeda01,2003,David Andrew,L,15,2,22
sandewa01,1903,Warren Williams,L,20,2,12
santajo01,2000,,L,1877,11,339
santihe01,2011,Hector Felipe,L,2,1,2
saucike01,1978,Kevin Andrew,L,94,5,139
sauersc01,1999,,L,389,9,471
saundjo01,2005,Joseph Francis,L,550,8,161
saundto01,1997,Anthony Scott,L,304,3,62
sauveri01,1986,Richard Daniel,L,28,6,34
saverjo01,2011,Joseph Cain,L,2,1,4
savramo01,1954,Morris,L,7,1,16
sawyewi01,1883,Willard Newton,L,76,1,17
sayloph01,1891,Philip Andrew,L,0,1,1
scanlfr01,1909,Frank Aloysius,L,5,1,6
scantpa01,1956,Patricio Athelstan,L,10,1,6
scarcma01,1972,Guerrant McCurdy,L,164,5,159
schaeha01,1952,Harry Edward,L,15,1,5
schaema01,1972,Mark Philip,L,25,1,41
schalar01,1951,Arthur Lawrence,L,77,6,58
schatda01,1977,Daniel Ernest,L,748,20,504
schegle01,1912,Gilbert Eugene,L,3,1,2
scheija01,1893,John G.,L,1,2,3
scheiri02,1992,Richard Paul,L,35,3,21
scherbi01,1982,William Joseph,L,207,9,228
scherfr01,1969,Frederick John (Jr.),L,297,9,346
schleda01,2009,Daniel Robert,L,85,3,88
schmege01,1952,George Edward,L,2,1,2
schmibu01,1909,Charles John,L,2,1,1
schmicr01,1890,Frederick M.,L,93,6,54
schmijo01,1941,John Albert,L,746,18,366
schneda01,1963,Daniel Louis,L,86,5,117
schneje01,1981,Jeffrey Theodore,L,17,1,11
schoesc01,1999,,L,568,14,577
schoupe01,1991,Peter Alan,L,813,12,288
schreba01,1911,David Henry,L,5,1,3
schulal01,1912,Albert Christopher,L,445,6,160
schulbo01,1951,Robert Duffy,L,67,5,65
schulbu01,1975,Charles Budd,L,193,5,168
schulda01,1979,David Paul,L,17,3,18
schulmi01,1947,William Michael,L,0,1,1
schupfe01,1913,Ferdinand Maurice,L,553,12,216
schutca01,1996,Carl James,L,5,1,3
schweha01,1913,Harold Edward,L,3,1,1
schweru01,1909,Rudolph Christian,L,3,1,3
scoggji01,1913,Lynn J.,L,0,1,1
scorehe01,1955,Herbert Jude,L,837,8,150
scottdi02,1963,Richard Lewis,L,7,2,12
scottle02,1945,Marshall,L,5,1,8
scottmi02,1972,Ralph Robert,L,70,6,133
scurrro01,1980,Rodney Grant,L,431,9,332
sealejo01,1964,Johnny Ray,L,8,2,8
seamaki01,1979,Kim Michael,L,13,2,27
searara01,1981,Raymond Mark,L,193,8,254
searcst01,1988,William Steven,L,140,6,70
seatsto01,1940,Thomas Edward,L,69,2,57
seaybo01,2001,,L,190,8,261
secrido01,1969,Donald Laverne,L,32,2,28
seddoch01,2007,Christopher Jon,L,26,2,21
seibeph01,2004,Phillip Matthew,L,1,1,2
serafda01,1996,Daniel Joseph,L,127,8,104
settlme01,1928,Edgar Merle,L,12,1,30
severat01,2011,Atahualpa O.,L,7,1,6
seymocy01,1896,James Bentley,L,584,6,140
shackbr01,2005,Brian Wesley,L,32,2,63
shantbo01,1949,Robert Clayton,L,1072,19,537
sharrge01,1893,George Oscar,L,26,2,15
shautjo01,1922,Joseph Benjamin,L,512,13,360
shawdo01,1967,Donald Wellington,L,123,6,138
shawdu01,1883,Frederick Lander,L,950,7,211
sheajo01,1928,John Michael Joseph,L,0,1,1
shearge01,1912,George Penfield,L,9,1,4
shellji01,1966,James Philip,L,222,10,165
shepabe01,1945,Bert Robert,L,2,1,1
sherdbi01,1918,William Henry,L,839,17,514
sherrge01,2004,George Friederich,L,320,9,440
sherrti01,1990,Timothy Shawn,L,7,2,18
shielbe01,1924,Benjamin Cowan,L,9,4,13
shielch01,1902,Charles Jessamine,L,35,3,30
shirlbo01,1977,Robert Charles,L,790,12,434
shirlst01,1982,Steven Brian,L,8,1,11
shoffmi01,1929,Milburn James,L,180,8,134
shortbi01,1960,William Ross,L,71,7,73
shortch02,1959,J. Christopher,L,1629,15,501
shouncl01,1935,Clyde Mitchell,L,483,17,454
shousbr01,1993,Brian Douglas,L,233,11,467
shumaan01,1999,,L,17,1,8
siebepa01,1974,Paul Edward,L,59,6,87
sieveed01,1901,Edward Tilden,L,470,7,203
simaal01,1950,Albert,L,111,5,100
simmocu01,1947,Curtis Thomas,L,1697,23,569
simondo01,1991,Douglas Eugene,L,44,2,49
simpsjo01,1983,Joe Allen,L,1,1,2
sinclst01,1998,,L,26,3,45
sincobe01,1908,Herbert Sylvester,L,1,1,1
sippto01,2009,Tony Marcel,L,174,3,185
sirotmi01,1995,Michael Robert,L,435,6,125
siscoan01,2005,Andrew Frank,L,141,3,151
sislege01,1915,George Harold,L,63,7,24
skaugda01,1957,David Wendell,L,4,1,2
skokcr01,1973,Craig Richard,L,85,4,107
skopejo01,1901,John S.,L,38,2,15
slappjo01,1920,John Henry,L,1,1,3
slatedo01,2006,Douglas,L,104,6,206
slattph01,1915,Philip Ryan,L,1,1,3
sleatlo01,1950,Louis Mortimer,L,152,9,131
sloatle01,1948,Dwain Clifford,L,4,2,9
smilejo01,1986,John Patrick,L,1284,13,361
smithal03,1934,Alfred John,L,587,12,356
smithbi04,1958,William Garland,L,34,3,32
smithbo03,1955,Robert Gilchrist,L,93,6,91
smithbo05,1958,Robert Walkup,L,60,3,30
smithbu02,2001,,L,81,2,27
smithch03,1913,John William,L,11,1,5
smithda05,1992,Daniel Scott,L,14,2,17
smithdo01,1912,Douglass Weldon,L,1,1,1
smithed04,1936,Edgar,L,694,12,282
smithel01,1886,Elmer Ellsworth,L,525,7,149
smithgr02,2008,Gregory Thomas,L,142,2,40
smithja01,1911,Jacob John,L,1,1,2
smithma04,2006,Matthew Joel,L,22,3,35
smithph01,1884,John Francis,L,519,12,140
smithru01,1927,Rufus Frazier,L,2,1,1
smithsh01,1911,Sherrod Malone,L,428,15,373
smithwi02,1963,Willie,L,39,4,29
smithza01,1984,Zane William,L,1011,15,360
smollle01,1940,Clyde Hetrick,L,31,1,33
smythha01,1929,William Henry,L,33,4,60
smythst01,2002,Steven Delton,L,16,1,8
snarery01,2004,Ryan Delbert,L,0,1,1
snoveco01,1919,Colonel Lester,L,4,1,2
snydebr01,1985,Brian Robert,L,24,2,17
snydege02,1959,Gene Walter,L,20,1,11
solisma01,1958,Marcelino,L,15,1,15
sommeru01,1912,Rudolph,L,44,4,33
songedo01,1924,Donald C.,L,44,5,71
souzama01,1980,Kenneth Mark,L,2,1,5
sowdejo01,1887,John,L,195,3,65
sowerje01,2006,Jeremy Bryan,L,174,4,72
spahnwa01,1942,Warren Edward,L,2583,22,750
spansbi01,1964,William Henry,L,55,1,29
speaktr01,1914,Tristram E,L,0,1,1
speerki01,1909,George Nathan,L,12,1,12
spencjo01,2011,Joshua Patrick William,L,31,1,40
spencse01,1999,,L,8,2,10
splitpa01,1970,Paul William (Jr.),L,1057,15,429
spoljpa01,1994,Paul Nikola,L,278,8,195
spoonka01,1954,Karl Benjamin,L,105,2,31
spragch01,1887,Charles Wellington,L,76,3,24
sprinbr01,1925,Bradford Louis,L,1,2,3
sprinja01,1955,Jack Russell,L,86,10,155
sproubo01,1961,Robert Samuel,L,2,1,1
sprowbo01,1978,Robert John,L,34,4,22
squirmi01,1984,Michael Lynn,L,0,1,1
stahlch01,1899,Charles Sylvester,L,0,1,1
staneal01,1963,Albert Wilfred,L,5,1,11
stanfja01,2003,Jason John,L,51,3,23
stanfke01,1979,Kevin Bruce,L,0,1,3
stanlbu01,1911,John Leonard,L,5,1,4
stantmi02,1989,William Michael,L,895,24,1178
staplda02,1987,David Earl,L,20,2,10
steelbo01,1916,Robert Wesley,L,217,6,91
steevmo01,1962,Morris Dale,L,11,3,22
stellbi01,1885,William F.,L,0,1,1
stephea01,1971,Chester Earl,L,50,4,54
stettmi01,2007,Mitchel Blake,L,89,5,132
stewabu02,1952,Veston Goff,L,77,5,72
stewajo02,2003,Joshua Craig,L,18,2,8
stewale01,1921,Walter Cleveland,L,503,11,279
stewasc01,2001,,L,161,5,214
stielfr01,1929,Fred Warren,L,9,3,9
stigmdi01,1960,Richard Lewis,L,755,7,235
stineha01,1890,Harry C.,L,1,1,1
stobbch01,1947,Charles Klein,L,897,16,459
stonear01,1923,Edwin Arnold,L,9,2,35
stonede01,1953,Darrah Dean,L,380,10,215
stonedi01,1945,Charles Richard,L,0,1,3
stonege02,1967,George Heard (Jr.),L,590,9,203
stoweha01,1960,Harold Rudolph,L,0,1,1
stranpa01,1913,Paul Edward,L,52,3,29
streios01,1899,Oscar William,L,10,2,10
stricji01,1971,James Michael,L,60,4,60
strikja01,1959,Wilbur Scott,L,6,2,3
strombr01,1972,Brent Terry,L,278,5,100
stulter01,2006,Eric William,L,105,5,41
stvraji01,1902,James Marcellin,L,51,1,12
suchech01,1938,Charles Morris,L,1,1,1
sulliha01,1909,Harry Andrew,L,1,1,2
sullijo03,1919,John Jeremiah,L,9,1,4
sullijo05,1935,Joe,L,216,6,150
sullile01,1939,Paul Thomas,L,4,1,7
sullito02,1922,Thomas Augustin,L,2,1,3
sunketo01,1937,Thomas Jacob,L,112,6,63
surkaer01,2011,Eric M.,L,13,1,6
suterha01,1909,Harry Richard,L,53,1,18
suthedi01,1949,Howard Alvin,L,0,1,1
swanru01,1989,Russell Howard,L,108,7,168
swartbu01,1947,Sherwin Merle,L,1,1,5
sweetle01,1927,Lester Leo,L,159,5,161
swindgr01,1986,Forest Gregory,L,1542,19,664
swindrj01,2008,Robert J.,L,12,2,9
swishni01,2009,Nicolas Thompson,L,1,1,1
switzjo01,2003,Jon Michael,L,46,5,72
sykesbo01,1977,Robert Joseph,L,215,5,116
tabakje01,1994,Jeffrey Jon,L,119,8,139
taberle01,1926,Edward Timothy,L,0,2,9
takahhi01,2010,Hisanori,L,166,2,114
takahke01,2009,Ken,L,23,1,28
tallebr01,2002,Brian Curtis,L,337,10,242
tamulvi01,1934,Vitautis Casimirus,L,294,8,170
tananfr01,1973,Frank Daryl,L,2773,23,638
tanketa01,2006,Taylor Mark,L,115,4,168
tanneje01,1894,Jesse Niles,L,940,16,358
taschja01,2005,Jack Girard,L,160,7,222
tatisra01,1997,Ramon Francisco (Medrano),L,38,2,78
tayloar01,1921,Arlas Walter,L,1,1,1
tayloed01,1903,Edgar Ruben,L,1,1,1
taylogr01,2009,Graham Michael,L,5,1,3
taylosc01,1992,Rodney Scott,L,15,2,20
teachbu01,1930,Arthur John,L,73,3,68
teafoev01,2011,Everett James,L,28,1,26
tedroal01,1914,Allen Seymour,L,4,1,4
tejermi01,1999,,L,172,6,111
templch01,1955,Charles Sherman,L,11,2,10
tennefr02,1905,Frederick,L,0,1,1
teutna01,2002,Nathan Mark,L,4,1,2
thatcjo01,2007,Joseph,L,142,5,182
thobeto01,1995,Thomas Neal,L,3,2,7
thomabr01,2001,,L,45,5,72
thomacl01,1916,Claude Alfred,L,7,1,7
thomaju01,2008,Justin Joseph,L,7,2,20
thomala01,1995,Larry Wayne (Jr.),L,32,3,79
thomale01,1925,Clarence Fletcher,L,13,2,8
thomami01,1995,Michael Steven,L,0,1,1
thomaro01,1900,Roy Allen,L,0,1,1
thompaa01,2011,Aaron Marshall,L,1,1,4
thompde01,2005,Derek R.,L,13,1,4
thompfo01,1948,David Forrest,L,48,2,55
thompha01,1919,Harold,L,11,2,15
thompjo01,1948,John Samuel,L,81,4,41
thompju02,1996,Justin Willard,L,428,5,103
thomple01,1921,John Dudley,L,4,1,4
thormha01,1917,Herbert Ehler,L,148,6,104
thornma01,2004,Matthew J.,L,499,8,472
thornwa01,1895,Walter Miller,L,134,4,56
threeer01,2007,Erick Morgan,L,13,3,21
thurmma01,1983,Mark Anthony,L,320,9,314
tiernmi01,1887,Michael Joseph,L,3,1,5
tiftra01,1907,Raymond Frank,L,6,1,4
timbega01,1969,Gary Dale,L,4,1,2
titcoca01,1886,Ledell,L,283,6,63
toddfr01,1898,George Franklin,L,5,1,4
tolarke01,2000,,L,17,3,20
tomandi01,1953,Richard Carl,L,166,6,106
tombean01,1994,Andy Lee,L,1,1,1
tomlida01,1972,David Allen,L,278,13,409
tomlira01,1990,Randy Leon,L,297,5,106
tonkido01,1907,Harry Glenville,L,0,1,1
toolest01,1886,Stephen John,L,141,4,55
torreal01,2011,Alexander Jesus (Matos),L,9,1,4
torrean01,1977,Angel Rafael (Ruiz),L,8,1,5
torrepa01,1975,Pablo Arnoldo (Torrealba),L,113,5,111
tostlo01,1942,Louis Eugene,L,46,3,39
townsle01,1920,Leo Alphonse,L,0,2,8
trabebi01,2003,William Henry (Jr.),L,152,5,96
travebi01,1974,William Edward,L,488,9,205
troedri01,1973,Richard La Monte,L,92,2,65
troutst01,1978,Steven Russell,L,656,13,301
tsamige01,1993,George Alex,L,30,1,41
tucketo02,1908,Thomas Henry,L,42,2,25
tudorjo01,1979,John Thomas,L,988,13,281
tuftsbo01,1981,Robert Malcolm,L,28,3,27
turbege01,1935,George Elkins,L,47,3,62
turneke01,1967,Kenneth Charles,L,6,1,13
turnetu01,1894,George A.,L,3,1,1
twittje01,1980,Jeffrey Dean,L,9,1,13
twombcy01,1921,Edwin Parker,L,7,1,7
tylerle01,1910,George Albert,L,1003,12,323
uhlbo01,1938,Robert Ellwood,L,0,2,2
umbarji01,1975,James Harold,L,244,5,133
underpa01,1979,Patrick John,L,188,4,113
underto01,1974,Thomas Gerald,L,948,13,379
upchuwo01,1935,Jefferson Woodrow,L,8,2,10
uphamjo01,1967,John Leslie,L,4,2,7
uppje01,1909,George Henry,L,13,1,7
urbanto01,1993,Thomas James,L,149,5,81
valdeef01,1990,Efrain Antonio,L,16,3,26
valdera02,2010,Raul,L,71,3,51
valenfe01,1980,Fernando (Anguamea),L,2074,18,453
vanatru01,1933,Russell,L,339,8,207
vanceco01,2002,Cory Wade,L,13,2,11
vancuch01,1950,Christian Gerald,L,103,3,44
vancujo01,1947,John Henry,L,3,3,7
vandeed01,1982,Edward John,L,314,7,413
vandejo01,1937,John Samuel,L,1294,13,346
vandybe01,1909,Benjamin Harrison,L,13,2,5
vanevjo01,2009,Jonathan Eugene,L,1,2,2
vanhage01,1887,George Edward Martin,L,281,9,93
vanhean01,2002,Andrew William,L,5,1,5
vanrybe01,1996,Benjamin Ashley,L,10,4,26
vanzaik01,1901,Charles Isaac,L,5,2,3
vargaan01,1950,Andrew William,L,1,2,3
vargaja01,2005,Jason M.,L,389,6,117
vargaro01,1955,Roberto Enrique (Velez),L,13,1,25
vargubi01,1925,William Fay,L,5,2,15
varnedi01,1902,Lawrence Delano,L,7,1,3
vasquan01,2011,Anthony Russell,L,13,1,7
vaughch01,1966,Charles Wayne,L,7,2,2
vaughhi01,1908,James Leslie,L,1416,14,390
vaughpo01,1940,Cecil Porter,L,52,3,24
vealdo01,2009,Donald Tyrone,L,16,1,19
vealebo01,1962,Robert Andrew,L,1703,14,397
venafmi01,1999,Michael Robert,L,131,7,307
ventejo01,2010,Jonathan William,L,189,2,164
villoro01,1995,Ronald Thomas (Jr.),L,925,19,717
vininke01,2001,,L,3,1,8
violafr01,1982,Frank John,L,1844,16,421
violape01,2009,Pedro,L,12,3,15
virtuja01,1893,Jacob Kitchline,L,2,2,2
vonohda01,1983,David,L,59,5,127
vosbeed01,1986,Edward John,L,179,12,266
wackech01,1909,Charles James,L,0,1,1
waddeja01,2009,Jason Robert,L,2,1,3
wadderu01,1897,George Edward,L,2316,14,407
wadeja01,1936,Jacob Fields,L,291,10,171
wadete01,1995,Hawatha Terrell,L,125,4,61
wagnebi02,1995,William Edward,L,1196,17,853
waitsri01,1973,Michael Richard,L,659,13,317
walberu01,1923,George Elvin,L,1085,16,544
walkebi01,1927,William Henry,L,626,10,272
walkeed01,1902,Edward Harrison,L,5,2,4
walkeja01,1997,James Ross,L,318,10,545
walkeke01,2000,,L,95,6,122
walkelu01,1965,James Luke,L,558,9,243
walkema01,1928,Martin Van Buren,L,0,1,1
walkuji01,1927,James Huey,L,0,1,2
wallahu01,1912,Harry Clinton,L,4,1,4
wallaje01,1997,Jeffrey Allen,L,120,4,119
wallale01,1942,James Harold,L,51,3,51
wallami01,1973,Michael Sherman,L,105,7,117
wallst01,1975,Stanley Arthur,L,55,3,66
walrole01,2003,Leslie Dale,L,39,3,23
walshda01,1990,David Peter,L,15,1,20
walshji03,1921,James Thomas,L,3,1,3
waltege01,1985,Gene Winston,L,140,5,128
wardbr01,1998,Bryan Matthew,L,66,4,95
wardco01,1985,Colin Norval,L,8,1,6
wardejo01,1968,Jonathan Edgar,L,25,1,28
wardlcu01,1984,Curtis Ray,L,89,3,52
warmocy01,1916,Wallace Walter,L,54,3,29
warneed01,1912,Edward Emory,L,13,1,11
warreto01,1944,Thomas Gentry,L,18,1,22
warthda01,1975,Daniel Dean,L,224,5,83
washbja01,1998,,L,1103,13,312
washbli01,1903,Libeus,L,9,1,4
waterch01,2008,Christopher Myron,L,38,2,16
waterfr02,1955,Fred Warren,L,14,2,25
watkisc01,1995,Scott Allen,L,11,1,27
watsoal01,1993,Allen Kenneth,L,589,10,206
watsodo01,1913,Charles John,L,133,4,69
watsoma01,2000,,L,7,3,11
watsoto01,2011,Anthony M.,L,37,1,43
waynega01,1989,Gary Anthony,L,164,6,231
weaveji02,1967,James Brian,L,28,2,27
webble01,1910,Cleon Earl,L,6,1,7
weberne01,1998,,L,4,1,4
weilabo01,1928,Robert George,L,614,13,277
weilmca01,1912,Carl Woolworth,L,536,8,239
weimeja01,1903,Jacob,L,657,7,191
weinele01,1919,Phillip Walter,L,160,9,131
weirro01,1936,William Franklin,L,42,4,29
wellsda01,1987,David Lee,L,2201,24,660
wellsed01,1923,Edwin Lee,L,403,11,291
wellste01,1990,Terry,L,18,1,5
welshch01,1981,Christopher Charles,L,192,6,122
werlebi01,1949,William George,L,283,7,185
westda01,1988,David Lee,L,437,11,204
westle01,1944,Weldon Edison,L,49,2,35
westse01,2009,Sean E.,L,78,2,22
weyhijo01,1888,John,L,30,2,9
wheatwo01,1944,Elwood Pierce,L,15,1,11
whisema01,1997,Matthew Michael,L,114,6,189
whislwe01,2009,Wesley Guy,L,2,1,3
whitcbo01,1945,Robert Arthur,L,6,1,6
whiteab01,1937,Adel,L,2,1,5
whitebi04,2007,William Cowart,L,10,2,17
whitech01,1914,Charles Evis,L,33,3,25
whitede02,1895,George Frederick,L,6,1,3
whitedo01,1901,Guy Harris,L,1384,13,427
whiteea01,1923,Earl Oliver,L,1350,17,541
whiteer01,1940,Ernest Daniel,L,244,7,108
whitega01,1994,Gabriel Allen,L,454,14,472
whitele01,1981,Leonard Joseph,L,68,4,97
whitema03,2003,Matthew Joseph,L,3,3,7
whitese01,1995,David Sean,L,2,1,2
wickake01,1989,Kevin Dean,L,101,8,150
wickeke01,1936,Kemp Caswell,L,27,4,40
wiedech01,1934,Charles John,L,2,1,4
wieneja01,1921,John,L,10,1,10
wieslbo01,1951,Robert George,L,113,6,70
wiggisc01,2002,Scott Joseph,L,3,1,3
wightbi01,1946,William Robert,L,574,16,347
wilesra01,1977,Randall E,L,0,1,5
wilkad01,2011,Adam Robert,L,10,1,5
wilkibi01,1985,William Carl,L,103,3,88
wilkile01,1941,Aldon Jay,L,37,3,68
willhni01,1963,Jon Nicholas,L,118,7,58
williac01,1940,Robert Fulton,L,5,2,6
willida02,1902,David Owen,L,7,1,3
willida07,2001,,L,245,7,82
willido03,2003,Dontrelle Wayne,L,896,10,205
willije01,1999,,L,58,5,47
willijo01,1911,Joseph Denk,L,66,4,41
willile01,1913,Claude Preston,L,515,7,189
willile02,1925,Charles William,L,23,3,29
willile03,1926,Leon Theo,L,3,1,8
willile04,1947,Lester Evans,L,10,1,22
willima06,2000,,L,7,1,11
willimi01,1977,Michael Henry,L,149,5,144
willimi02,1986,Mitchell Steven,L,660,11,619
willira01,2004,Randall Duane,L,75,6,97
willste01,1959,Theodore Carl,L,133,6,83
wilshwh01,1934,Vernon Sprague,L,103,3,41
wilsocj01,2005,Christopher John,L,637,7,325
wilsodu01,1958,Duane Lewis,L,3,1,2
wilsofi01,1914,Finis Elbert,L,51,2,20
wilsojo01,1913,John Nicodemus,L,1,1,3
wilsoma01,1940,Max,L,11,2,12
wilsope01,1908,Peter Alex,L,72,2,20
wilsoro01,1928,Roy Edward,L,2,1,1
wilsost01,1988,Stephen Douglas,L,252,7,205
wilsote01,1924,Gomer Russell,L,1,1,2
wilsotr01,1988,Trevor Kirk,L,431,8,169
wiltsha01,1926,Harold James,L,134,5,102
wiltsho01,1904,George Leroy,L,965,12,357
wiltssn01,1901,Lewis De Witt,L,121,5,68
wineaed01,1929,Edward,L,1,1,1
wingaer01,1924,Ernest James,L,101,4,145
winhala01,1902,Lafayette Sharkey,L,23,2,6
winkege01,1886,George Edward,L,4,1,1
winnge01,1919,George Benjamin,L,7,3,12
winstda01,1997,Darrin Alexander,L,19,2,34
wojcist01,1995,Steven Joseph,L,48,3,32
wolfle01,1921,Walter Francis,L,11,1,8
wolfra02,1999,Randall Christopher,L,1663,14,346
wolteha01,1907,Harry Meiggs,L,29,3,15
woodabr01,1994,David Bradley,L,119,5,55
woodcfr01,1892,Fred Wayland,L,8,1,5
woodeha01,1956,Harold Joseph,L,484,13,427
woodsja01,2005,Jacob Thomas,L,99,4,84
woodsp01,1930,Charles Asher,L,56,2,24
woodtr01,2010,Travis A.,L,162,2,39
woodwi01,1961,Wilbur Forrester (Jr.),L,1411,18,651
wooteju01,1948,Earl Hazwell,L,1,1,1
worthri01,1978,Richard Cooper,L,189,4,84
wrighch01,2007,Sebern Chase,L,8,1,3
wrighcl01,1966,Clyde,L,667,10,329
wrighri01,1982,James Richard,L,67,6,55
wrighwe01,2008,Dequam LaWesley,L,144,4,155
wunscke01,2000,,L,145,6,258
wurmfr01,1944,Frank James,L,1,1,1
wysonbi01,1930,Harlan,L,11,3,20
yarnaed01,1999,,L,14,2,7
ydeem01,1924,Emil Ogden,L,160,5,141
yerkeca01,1927,Charles Carroll,L,16,5,25
yinglea01,1911,Earl Hershey,L,192,5,94
yingljo01,1886,Joseph,L,1,1,1
yochile01,1951,Leonard Joseph,L,12,2,12
yorkle01,1919,James Edward,L,59,2,42
youmash01,2006,Shane Demond,L,34,2,21
youngcl01,1990,Clifford Raphael,L,56,3,49
youngcu01,1983,Curtis Allen,L,536,12,251
youngda01,2000,,L,0,1,4
youngir01,1905,Irving Melrose,L,560,7,209
youngma01,1983,Matthew John,L,857,10,333
youngti01,1998,,L,13,2,18
yowelca01,1924,Carl Columbus,L,20,2,16
zabalad01,1945,Adrian (Rodriguez),L,27,2,26
zachato01,1918,Jonathan Thompson Walton,L,720,24,533
zackege01,1911,George Carl,L,6,2,5
zagurmi01,2007,Michael Justin,L,36,3,37
zahnge01,1973,Geoffrey Clayton,L,705,14,304
zavadcl01,2009,Clay Pflibson,L,52,1,49
zerbech01,2000,,L,70,4,114
zimmejo01,1999,,L,3,1,12
zitoba01,2000,Barry William,L,1683,12,368
zmiched01,1910,Edward Albert,L,23,2,13
zoldasa01,1944,Samuel Walter,L,207,10,250
