abadfe01,2010,Fernando Antonio,L,27,2
abbotji01,1989,James Anthony,L,888,11
abbotky01,1991,Lawrence Kyle,L,124,4
aberal01,1950,Albert Julius,L,169,8
abernte01,1942,Talmadge Lafayette,L,13,3
abernwo01,1946,Virgil Woodrow,L,6,2
ablesha01,1905,Harry Terrell,L,41,3
adamsjo01,1902,Joseph Edward,L,0,1
adamsjo02,1996,Joel Lee,L,77,3
adamsri01,1905,Reuben Alexander,L,25,1
adkinst01,1990,Steven Thomas,L,14,1
affelje01,2002,Jeremy David,L,580,11
agostju01,1981,Juan Roberto (Gonzalez),L,307,15
aguirha01,1955,Henry John,L,856,16
aitchra01,1911,Raleigh Leonidas,L,101,3
albagi01,1988,Gibson Alberto (Rosado),L,3,1
alburvi01,1973,Victor,L,193,4
aldremi01,1996,Michael Peter,L,0,1
aldresc01,1990,Scott Phillip,L,312,12
allenbo04,1961,Robert Gray,L,199,5
allenfr01,1912,Frank Leon,L,457,7
allisda01,1991,Dana Eric,L,4,1
almanar01,1999,Armando,L,232,7
alouma01,1965,Mateo Rojas,L,3,1
altener01,1920,Ernest Matthias,L,4,1
altroni01,1898,Nicholas,L,425,18
alvarab01,2004,Abraham,L,5,3
alvarju01,1999,,L,42,4
alvarvi01,2002,Victor Aurelio,L,10,2
alvarwi01,1989,Wilson Eduardo (Fuenmayor),L,1330,15
amoledo01,1897,Morris George,L,30,2
anderal02,1986,Allan Lee,L,339,6
anderbi01,1925,William Edward,L,1,1
anderbr02,1993,Brian James,L,723,14
anderbr04,2009,Brett F.,L,286,3
anderda01,1889,David S.,L,56,3
anderji02,1999,,L,241,7
anderwa01,1917,Walter Carl,L,20,2
anderwi01,1910,Wingo Charlie,L,11,1
andrecl01,2000,,L,12,1
andrejo02,1973,John Richard,L,5,1
angelno01,1972,Norman Stanley,L,19,2
ankieri01,1999,,L,269,4
antonjo02,1948,John August,L,1162,13
archefr01,1936,Frederick Marvin,L,11,2
archeji02,1961,James William,L,122,2
ariasru01,1959,Rodolfo (Martinez),L,28,1
arlicdo01,1965,Donald Louis,L,1,2
arrigge01,1961,Gerald William,L,433,11
arroylu01,1955,Luis Enrique,L,336,8
arroyru01,1971,Rudolph,L,5,1
assenpa01,1986,Paul Andre,L,807,16
atchlju01,2001,,L,8,1
atkinto01,1909,Francis Montgomery,L,33,2
augusje01,1975,Gerald Lee,L,348,10
austiri01,1970,Rick Gerald,L,106,4
averyst01,1990,Steven Thomas,L,980,11
bacsimi02,2001,,L,97,5
baczefr01,1953,Frederic John,L,104,4
baezbe01,2001,,L,14,1
bailebi01,1907,William F.,L,570,12
baileha01,1899,Harvey Francis,L,35,2
baileho01,1981,Howard L,L,41,3
baileji01,1959,James Hopkins,L,7,1
baileki01,1895,Linwood C.,L,0,1
bailesc01,1986,Scott Alan,L,351,9
bairdbo01,1962,Robert Allen,L,10,2
bakerbo01,1901,Charles,L,1,2
bakerje01,1911,Jesse Ormond,L,51,1
bakersc01,1995,Scott,L,3,1
bakerto02,1963,Thomas Henry,L,14,1
baldwla01,1884,Charles B.,L,582,7
balejo01,1999,,L,148,7
ballaje01,1987,Jeffrey Scott,L,244,7
baneed01,1973,Edward Norman,L,80,3
bannifl01,1977,Floyd Franklin,L,1723,15
barbest01,1960,Stephen David,L,1309,18
barfijo01,1989,John David,L,53,3
barkbr01,1995,Brian Stuart,L,0,1
barklbr01,1998,,L,2,1
barnach01,1927,Charles Edward,L,8,2
barnebo01,1924,Robert Avery,L,1,1
barnebr01,1990,Brian Keith,L,275,6
barnefr01,1929,Frank Samuel,L,2,2
barneju01,1934,Junie Shoaf,L,0,1
barneri01,1982,Richard Monroe,L,8,2
barrofr02,1914,Frank John,L,1,1
barrst01,1974,Steven Charles,L,32,3
barryed01,1905,Edward,L,34,3
barthle01,1928,Lester Justin,L,7,2
bartocl01,2004,Clifford Paul,L,40,2
bartosh01,1992,Shawn Edward,L,29,3
barziph01,2006,Philip Joseph,L,0,1
bastaan01,2009,Antonio Francisco (Rafael),L,115,3
batchjo01,1923,Joseph Edmund,L,6,3
baueral01,1884,Albert,L,26,2
baumafr01,1955,Frank Matt,L,384,11
baumgro01,1978,Ross,L,222,5
baumgst01,1914,Stanwood Fulton,L,129,8
baynebi01,1919,William Lear,L,259,9
beardge01,1947,Henry Eugene,L,259,9
beardmi01,1974,Michael Richard,L,43,4
bearske01,1990,Kevin Gerard,L,2,1
beatied01,1887,Ebenezer Ambrose,L,335,5
beattbl01,1989,Gordon Blaine,L,10,2
beckebo01,1897,Robert Charles,L,10,2
beckech01,1911,Charles Schlagel,L,36,2
beckero01,1996,Robert Joseph,L,8,2
becklja01,1902,Jacob Peter,L,2,1
becquju01,1960,Julio (Villegas),L,0,2
bedarer01,2002,Erik Joseph,L,926,9
beeched01,1890,Edward Harry,L,0,1
beechma01,1996,Lucas Matthew,L,266,3
behneme01,1970,Melvin Brian,L,2,1
beimejo01,2001,Joseph Ronald,L,332,12
belinbo01,1962,Robert,L,476,8
belitto01,2000,,L,8,2
beller01,1985,Eric Alvin,L,152,6
bellra01,1912,Ralph Albert,L,5,1
belowdu01,2011,Duane Arthur,L,14,1
beltrri01,1997,Rigoberto,L,106,6
bennede01,1962,Dennis John,L,572,8
bentlja01,1913,John Needles,L,259,10
bentoru01,1910,John Cleave,L,950,16
bentzch01,2004,Chad Robert,L,18,2
bergmdu01,2004,Dustin Michael,L,1,1
bertafr01,1964,Frank Louis,L,280,9
bertomi01,1995,Michael David,L,38,3
bertrle01,1936,Roman Mathias,L,1,1
besanfr01,1956,Frederick Cyril,L,7,1
bessehe01,1940,Herman A.,L,118,5
bierbni01,2001,,L,112,5
biittla01,1977,Lawrence David,L,3,1
bildiem01,1937,Emil,L,55,5
billibr01,1999,,L,3,1
birdre01,1921,James Edward,L,2,1
birkiku01,2006,Kurt Daniel,L,64,3
birkora01,1933,Ralph Joseph,L,224,5
birtsti01,1985,Timothy Dean,L,231,5
biscafr01,1942,Frank Stephen,L,64,3
bishobi02,1921,William Henry,L,4,1
blackbu02,1981,Harry Ralston,L,1039,17
blacktr01,2004,Travis Jarrod,L,21,2
blairbi01,1888,William Ellsworth,L,16,1
blancgi01,1965,Gilbert Henry,L,35,2
blandna01,2003,Nathan Garrett,L,18,1
blankfr01,1894,Frederick August,L,1,1
blankma01,2000,,L,15,2
blasiwa01,1963,Wade Allen,L,512,12
blemkra01,1960,Raymond,L,0,1
blevije01,2007,Jerry Richard,L,133,5
blewebo01,1902,Robert Lawrence,L,8,1
blockte01,1989,Terry Fennell,L,0,1
bluevi01,1969,Vida Rochelle (Jr.),L,2175,17
boardch01,1913,Charles Louis,L,13,3
boehljo01,1912,John Joseph,L,396,8
boggsra01,1928,Raymond Joseph,L,0,1
boglewa01,1968,Warren Frederick,L,26,1
bohanbr01,1990,Brian Edward,L,671,13
bohnejo01,1982,John Kelly,L,4,1
bolenst01,1926,"Stewart O'Neal",L,72,4
boltoto01,1987,Thomas Edward,L,336,9
bongju01,2002,Jung Keun,L,62,3
bonnebi01,1944,William John,L,1,1
boolere01,1909,Seabron Jesse,L,6,1
booneda02,1981,Daniel Hugh,L,57,4
borbope02,1992,Pedro Felix (Marte),L,224,10
bordlbi01,1980,William Clarke,L,11,1
borkfr01,1964,Frank Bernard,L,31,1
borlato01,1960,Thomas Bruce,L,32,2
bottira01,1979,Ralph Wayne,L,34,2
bouchde01,1991,Denis,L,77,5
bowerce01,2008,Cedrick Jerome,L,23,2
bowiemi01,1999,,L,111,7
bowmaro01,1949,Roger Clinton,L,75,5
bowmasu01,1890,Sumner Sallade,L,46,3
bowsfte01,1958,Edward Oliver,L,326,8
boydja01,1894,Jacob Henry,L,25,3
braddza01,2010,William Zachary,L,59,2
bradeda01,2007,Dallas Lee,L,305,5
bradfla01,1977,Larry,L,58,4
bradyji01,1956,James Joseph,L,3,1
braital01,1915,Alfred,L,2,1
brancha01,1962,Harvey Alfred,L,2,1
branded01,1928,Edward Arthur,L,877,11
braxtga01,1921,Edgar Garland,L,412,12
braybi01,2006,William Paul,L,181,6
brazlal01,1943,Alpha Eugene,L,554,10
brechha01,1940,Harry David,L,901,12
breitte01,1891,Theodore P.,L,889,11
brennad01,1910,Addison Foster,L,283,8
breslcr01,2005,Craig Andrew,L,235,8
bressru01,1914,Raymond Bloom,L,229,7
brettke01,1967,Kenneth Alven,L,807,17
brewebi01,1993,William Robert,L,137,8
breweji01,1960,James Thomas,L,810,18
brewero01,1993,Rodney Lee,L,1,1
bridgma01,1959,Marshall,L,302,8
brillji01,1922,James Benson,L,98,4
brisslo01,1947,Leland Victor,L,436,8
britoeu01,2005,Eude Ezequiel,L,24,2
brittza01,2011,Zachary Grant,L,97,1
brohatr01,2001,Michael Troy,L,46,3
brookfr01,2004,Frank J.,L,18,2
brothre01,2011,Rex Coleman,L,59,1
broutda01,1879,Dennis Joseph,L,8,2
brownca01,1960,Calvin Duane,L,0,1
brownch01,1897,Charles Edward,L,8,1
browncu01,1911,Charles Roy,L,52,4
brownke03,1990,Kevin Dewayne,L,44,4
brownll01,1925,Lloyd Andrew,L,510,13
brownst01,1893,Richard P.,L,10,3
brownto05,1984,Thomas Leo,L,1000,12
brunege01,1956,George Stuart,L,921,19
bruneja01,1949,Jack Raymond,L,28,3
bruneju01,2000,,L,2,1
brunswi01,1998,,L,11,3
bryanro01,1967,Ronald Raymond,L,509,8
buchabo01,1985,Robert Gordon,L,6,2
buckega01,1918,Garland Maiers,L,134,6
bucklje01,1916,Jesse Robert,L,2,1
buehrma01,2000,Mark Alan,L,1396,12
buenofr01,2008,Francisley Trueba,L,1,1
bullore01,1936,Malton Joseph,L,7,1
bumgama01,2009,Madison K.,L,287,3
burchfr01,1903,Frederick Duff,L,124,4
burgmto01,1968,Thomas Henry,L,584,17
burgoen01,1993,Enrique (Calles),L,18,2
burkebi02,1910,William Ignatius,L,23,2
burkebo01,1927,Robert James,L,299,10
burkeje01,1890,Jesse Cail,L,84,3
burnese01,2004,Sean Richard,L,210,6
burnsbi01,1908,William Thomas,L,233,8
burnsbr01,1978,Robert Britt,L,734,8
burnsdi01,1883,Richard Simon,L,199,3
burnspe01,1955,Peter Willits,L,303,9
burnssh01,1978,Sheldon John,L,18,3
burpoge01,1946,George Harvie,L,1,1
burrebr01,2006,Brian James,L,224,6
burreha01,1891,Harry J.,L,19,1
burrojo01,1943,John,L,22,3
burrote01,1994,Terry Dale,L,35,4
burtoji01,1975,Jim Scott,L,42,2
butlead01,1998,,L,7,1
butlebi02,1969,William Franklin,L,408,7
butlech01,1933,Charles Thomas,L,0,1
bynummi01,2002,Michael Allen,L,52,3
byrdati01,1998,,L,289,10
byrneto01,1943,Thomas Joseph,L,766,15
cadargr01,1987,Gregory James,L,539,14
cainbo01,1949,Robert Max,L,249,6
cainle01,1968,Leslie,L,303,4
cairnca01,2000,,L,8,1
caldwmi01,1971,Ralph Michael,L,939,15
caldwra01,1904,Ralph Grant,L,59,2
calhoje01,1984,Jeffrey Wilton,L,104,5
calica01,2004,Carmen Salvatore,L,27,3
callara01,1915,Raymond James,L,4,1
campbbi01,1905,William James,L,116,4
campbji03,1990,James Marcus,L,2,1
canavhu01,1918,Hugh Edward,L,18,1
candejo01,1975,John Robert,L,1673,23
cangejo01,1988,John Anthony,L,0,3
cantwmi01,1916,Michael Joseph,L,14,3
capildo01,1976,Douglas Edmund,L,178,8
cappuge01,1981,George Angelo,L,32,2
capuach01,2003,Christopher Frank,L,807,7
carawpa01,1930,Cecil Bradford Patrick,L,151,3
carlsje01,2008,Jesse Craig,L,114,3
carltst01,1965,Steven Norman,L,4136,27
carmado01,1983,Donald Wayne,L,598,10
carneed01,1941,Edwin Elliott,L,4,3
carnepa01,1902,Patrick Joseph,L,37,3
carpifr01,1965,Frank Dominic,L,29,2
cartean01,1994,Andrew Godfrey,L,24,2
cartear01,1944,Arnold Lee,L,37,2
carych01,1985,Charles Douglas,L,322,8
carysc01,1947,Scott Russell,L,25,1
caseyda01,1884,Daniel Maurice,L,743,7
casiala01,1990,Lawrence Paul,L,125,11
caskecr01,1973,Craig Douglas,L,6,1
cassijo01,1875,John P.,L,14,2
castial02,2008,Alberto  (Betancourt),L,48,4
castito02,1988,Antonio Jose (Jimenez),L,333,13
castlro01,1907,Royal Eugene,L,13,3
castnpa01,1923,Paul Henry,L,0,1
castrfa01,2006,Fabio Enrique,L,32,3
catetr01,2007,Troy P,L,12,1
cavetpu01,1911,Tillar H.,L,78,3
ceccaar01,1955,Arthur Edward,L,166,5
cecilbr01,2009,Brett Aarion,L,273,3
cedenxa01,2011,Xavier,L,0,1
cerdaja01,2002,Jaime Magana,L,91,4
cerutjo01,1985,John Joseph,L,398,7
chacigu01,2004,Gustavo G. Adolfo (Gonzalez),L,216,5
chambbi02,1932,,L,11,1
chambcl01,1948,,L,374,7
chambro01,1900,Richard Jerome,L,2,1
chapmar01,2010,Albertin Aroldis (De La Cruz),L,90,2
charlno01,1988,Norman Wood (III),L,808,15
chaseha01,1908,Harold Homer,L,0,1
chaseke01,1936,Kendall Fay,L,582,9
cheadda01,1973,David Baird,L,2,1
cheliit01,1935,Italo Vincent,L,20,3
chenbr01,1998,,L,882,18
chicoma01,2007,Matthew Bryan,L,128,3
chipmbo01,1941,Robert Howard,L,322,13
choatra01,2000,Randol Doyle,L,228,11
chrisga01,1979,Gary Richard,L,20,2
chrisja01,1995,Jason Samuel,L,384,14
chrismi01,1979,Michael,L,46,3
christi01,2001,,L,2,1
clarkbr01,1981,Bryan Donald,L,259,8
clarkge01,1913,George Myron,L,5,1
clarkle01,1921,Alan Thomas,L,1,1
clarkst02,1983,Stanley Martin,L,36,6
clarkwa02,1924,William Watson,L,643,14
clarkwe01,1955,Vibert Ernesto,L,9,1
clasego01,1933,Gowell Sylvester,L,1,1
clausal01,1913,Albert Stanley,L,1,1
clausbr01,2003,Brandon Allen Falker,L,228,4
clausfr01,1892,Frederick William,L,134,5
clemepa01,1985,Patrick Brian,L,158,10
clemola01,1971,Lance Levis,L,23,3
clostal01,1966,Alan Edward,L,26,4
clouged01,1925,Edgar George,L,3,2
clowebi01,1926,William Perry,L,0,1
clydeda01,1973,David Eugene,L,228,5
coganto01,2001,,L,17,1
cohensy01,1934,Sydney Harry,L,49,3
cokeph01,2008,Phillip Douglas,L,185,4
colebe01,1921,Albert George,L,119,7
colemjo03,1895,John,L,5,1
colemri01,1955,Walter Lee,L,130,6
collawi01,2007,William,L,0,1
collido01,1977,Donald Edward,L,27,2
colliha01,1899,James Harry,L,8,1
collira01,1909,Raymond Williston,L,511,7
colliti01,2011,Timothy N.,L,60,1
colluja01,1951,Jack Dean,L,171,12
colyest01,2003,Stephen Edward,L,51,3
combspa01,1989,Patrick Dennis,L,190,4
comptcl01,1972,Robert Clinton,L,0,1
comstke01,1984,Keith Martin,L,142,7
connoed02,1964,Edward Joseph (Jr.),L,118,2
conroti01,1978,Timothy James,L,307,7
constji01,1956,Jimmy Lee,L,59,7
conwaje01,1920,Jerome Patrick,L,0,1
cookde01,1988,Dennis Bryan,L,739,19
cookest01,1992,Steven Montague,L,335,6
cookro02,1970,Ronald Wayne,L,60,2
coombda01,1963,Daniel Bernard,L,249,9
coonejo01,1921,John Walter,L,224,9
coopewi01,1912,Arley Wilbur,L,1252,16
corbesh01,1988,Sherman Stanley,L,33,3
cormirh01,1991,Rheal Paul,L,760,17
cosgrmi01,1972,Michael John,L,122,5
cottren01,1911,Ensign Stover,L,12,5
cottsne01,2003,Neal James,L,235,7
coumbfr01,1914,Frederick Nicholas,L,212,9
courtha01,1919,Henry Seymour,L,112,5
courtjo01,1995,John Charles,L,0,1
coutljo01,2007,Jonathan Thomas,L,38,1
covelha01,1907,Harry Frank,L,511,9
covinch01,1944,Chester Rogers,L,13,1
cozarch01,1945,Charles Rhubin,L,4,1
crablge01,1910,George Elmer,L,3,1
craddwa01,1955,Walter Anderson,L,39,3
craigge01,1907,George McCarthy,L,0,1
cramebo01,2010,Robert T.,L,19,2
crawfji01,1973,James Frederick,L,276,5
crawfjo01,1997,Joseph Randal,L,25,1
crawfla01,1937,Charles Lowrie,L,2,1
creekdo01,1995,Paul Douglas,L,292,10
cremibo01,1927,Robert Anthony,L,0,1
cristbi01,1901,William Arthur,L,12,1
croucbi01,1910,William Henry,L,2,1
croucza01,1988,Zachary Quinn,L,0,1
croweji01,1997,James Everette,L,6,3
crumpro01,1920,Roy Maxton,L,3,2
cuccuco01,1943,Arthur Joseph,L,51,3
cuellmi01,1959,Miguel Angel (Santana),L,1632,15
culloni01,1913,Norman Andrew,L,400,7
cumbejo01,1968,John Sheldon,L,137,8
cummijo01,1993,John Russell,L,114,7
currasa01,1902,Simon Francis,L,3,1
currela01,1975,Delancey Lafayette,L,7,1
curtija01,1961,Jack Patrick,L,108,4
curtijo01,1970,John Duffield,L,825,16
cushmed01,1883,Edgar Leander,L,607,7
cvengmi01,1922,Michael John,L,201,6
cyrer01,2002,Eric,L,4,1
daalom01,1993,Omar Jesus (Cordero),L,806,13
dahlja01,1963,Jay Steven,L,0,1
daleybi01,1889,William,L,218,3
daleybu01,1955,Leavitt Leo,L,549,11
daltomi01,1991,Michael Edward,L,4,1
dammabi01,1897,William Henry,L,74,3
danfoda01,1911,David Charles,L,484,10
daniepe01,1890,Peter J.,L,21,2
danksjo01,2007,John William,L,714,5
darenvi01,1998,,L,229,10
darroge01,1934,George Oliver,L,14,1
dascedo01,1990,Douglas Craig,L,2,2
dashnle01,1913,Lee Claire,L,2,1
davalvi01,1969,Victor Jose (Romero),L,0,1
davenlu01,1921,Joubert Lum,L,20,4
daveymi01,1977,Michael Gerard,L,7,2
davidda01,2007,David Lawrence,L,3,2
davidda02,2009,Daniel Gerome,L,0,1
davidte01,1965,Thomas Eugene,L,124,5
daviech01,1914,Lloyd Garrison,L,38,4
davisdo02,1999,Douglas,L,1279,15
davisji01,1954,James Bennett,L,197,5
davisla01,2001,,L,53,1
davisma01,1980,Mark William,L,1007,18
davismi01,1969,Michael Lynn,L,23,2
davisst03,1985,Steven Kennon,L,39,3
davisti01,1994,Timothy Howard,L,91,4
dayleke01,1982,Kenneth Grant,L,406,12
deagoro01,2003,Roger I. Villarreal,L,10,1
deanch01,1937,Alfred Lovill,L,195,8
debarde01,1977,Dennis Lee,L,10,1
deharri01,1997,Richard Allen,L,45,4
deinipe01,1902,Otto Charles,L,2,1
delarjo01,2004,Jorge Alberto (Gonzalez),L,682,9
delosra01,1974,Ramon (Genero),L,7,1
delosva01,1998,,L,207,10
demilha01,1892,Harry,L,15,1
derriji01,1956,Charles James,L,17,2
deshaji01,1984,James Joseph,L,951,13
detwiro01,2007,Ross E.,L,102,4
devinji01,1883,Frank Robert,L,3,1
devliji02,1886,James H.,L,90,4
dewalch01,1890,Charles H.,L,6,1
diamosc01,2011,Scott Michael,L,19,1
diazca01,1982,Carlos Antonio,L,207,6
dicksla01,1990,Lance Michael,L,4,1
dilauja01,1969,Jack Edward,L,50,2
dillago01,1988,Gordon Lee,L,4,2
dilliha01,1914,Harley Hugh,L,11,1
dillost01,1963,Stephen Edward,L,3,2
dimicfr01,1988,Frank Lawrence,L,1,1
dinarle01,2004,Leonard Edward,L,132,6
dipinfr01,1981,Frank Michael,L,515,13
dishmgl01,1995,Glenelg Edward,L,66,4
dixonst01,1993,Steven Ross,L,3,2
dobbjo01,1924,John Kenneth,L,2,1
dobenra01,1929,Raymond Joseph,L,4,1
dockige01,1945,George Woodrow,L,34,2
doddro01,1998,,L,4,1
dohened01,1895,Edwin Richard,L,567,10
dolanco01,1895,Patrick Henry,L,69,4
donlimi01,1899,Michael Joseph,L,6,2
donosli01,1955,Lino (Galata),L,39,2
donovbi02,1942,Willard Earl,L,24,2
doranjo01,1891,John F.,L,55,1
doschja01,1903,John Henry (Jr.),L,61,6
dottega01,1961,Gary Richard,L,10,3
doubrfe01,2010,Felix Antonio,L,29,2
dowlida01,1964,David Barclay,L,3,2
dowlipe01,1897,Henry Peter,L,299,5
downial01,1961,Alphonso Erwin,L,1639,18
downssc01,2000,,L,481,11
doylepa01,1969,Paul Sinnott,L,65,4
draveda01,1982,David Francis,L,558,9
dreesto01,1991,Thomas Kent,L,2,1
dreiscl01,1944,Clemens Johann,L,39,5
dressbo01,1902,Robert Nicholson,L,8,1
driscde01,1880,John F.,L,171,4
druhoca01,1906,Carl A.,L,60,3
duboibr01,1989,Brian Andrew,L,47,2
duboser01,2002,Eric Ladell,L,115,5
duensbr01,2009,Brian Matthew,L,246,3
duffyda01,2011,Daniel Richard,L,87,1
duganda01,1928,Daniel Phillip,L,15,2
dukema01,1891,Martin F.,L,5,1
dukesja01,1969,Noble Jan,L,7,3
dukeza01,2005,Zachary Thomas,L,537,7
dumatph01,2007,Phillip Anthony,L,97,4
dumovni01,1923,Nicholas,L,23,1
dunbama01,1995,Matthew Marshall,L,5,1
dunleja01,1903,John Francis,L,79,2
dunnmi01,2009,Michael G.,L,100,3
dupeefr01,1901,Frank Oliver,L,0,1
duranro01,1997,Roberto Alejandro,L,23,2
durbiki01,1907,Blaine Alphonsus,L,5,1
durniri01,1917,Richard Knott,L,0,2
duserca01,1956,Carl Robert,L,5,2
duvalmi01,1998,,L,23,4
dyered01,1922,Edwin Hawley,L,63,6
dykhora01,1998,Radhames Alviro,L,1,1
earlear01,1960,Arnold Carl,L,310,8
earlebi02,1986,William Albert,L,2,1
easteja01,1974,James Morris,L,350,14
eayrsed01,1913,Edwin,L,13,3
ebertde01,1999,,L,4,1
eccleha01,1915,Harry Josiah,L,13,1
eckener01,2002,Eric Ryan,L,25,2
eckeral01,1930,Albert George,L,7,3
eddych01,1995,Christopher Mark,L,2,1
eddydo01,1970,Donald Eugene,L,23,2
edench01,1884,Charles M.,L,8,2
edgerbi01,1966,William Albert,L,11,3
edmonsa01,1907,Samuel Sherwood,L,0,1
edwarji01,1922,James Corbette,L,211,7
edwarwa01,1989,Wayne Maurice,L,84,3
egandi02,1963,Richard Wallis,L,68,4
eganji01,1882,James K.,L,20,1
eibelha01,1920,Henry Hack,L,5,1
eischjo01,1994,Joseph Raymond,L,244,11
eisenha01,1935,Harry,L,157,9
eisenja01,1944,Jacob Henry,L,0,1
elbersc01,2008,Timothy Scott,L,63,4
elderhe01,1913,Henry Knox,L,0,1
ellinbr01,1974,Harold Bruce,L,16,1
elliogl01,1947,Herbert Glenn,L,25,3
ellioju01,1923,James Thomas,L,453,11
ellisji01,1967,James Russell,L,8,2
ellswdi01,1958,Richard Clark,L,1140,15
elvirna01,1990,Narciso Chicho (Delgado),L,6,1
embreal01,1992,Alan Duane,L,691,20
emigch01,1896,Charles Henry,L,1,1
endertr01,2000,,L,5,1
engeljo01,1912,Joseph William,L,151,7
engelst01,1985,Steven Michael,L,29,1
engleri01,1981,Richard Douglas,L,2,1
englije01,2010,Jesse Logan,L,4,1
enyarte01,1974,Terry Gene,L,2,1
erickra01,1929,Ralph Lief,L,2,2
escalse01,2009,Sergio Luis (Rodriguez),L,35,2
eshelva01,1995,Vaughn Michael,L,118,3
esperdu01,1890,Charles H.,L,453,13
espinge01,2008,Eugene Macalalag,L,8,1
esserma01,1979,Mark Gerald,L,1,1
esteldi01,1964,Richard Henry,L,29,2
estessh01,1995,Aaron Shawn,L,1210,14
estraho01,1999,Horacio (Jimenez),L,22,3
estraos01,1929,Oscar,L,0,1
evansar01,1932,William Arthur,L,6,1
evelada01,2005,Dana J.,L,238,8
eversbr01,1994,Bryan David,L,61,4
eyresc01,1997,Scott Alan,L,537,15
faganbi01,1887,William A.,L,61,2
falcope01,1975,Peter Frank,L,865,10
falkch01,1925,Chester Emanuel,L,16,3
fallobo01,1984,Robert Joseph,L,27,2
fanovfr01,1949,Frank Joseph,L,64,2
farmemi01,1996,Michael Anthony,L,16,1
farreke01,1943,Major Kerby,L,4,1
fasseje01,1991,Jeffrey Joseph,L,1643,19
fastda01,1968,Darcy Rae,L,10,1
faulkji01,1927,James Leroy,L,34,3
feierry01,2006,Ryan Robert,L,64,3
felicpe01,2002,Pedro Juan (Molina),L,341,8
ferenst01,1942,Stanley,L,51,2
fernasi01,1983,Charles Sidney,L,1743,16
ferraan01,2003,Anthony Michael,L,1,1
ferrado01,1955,Donald Hugh,L,350,9
ferreto01,1985,Anthony Ross,L,5,1
fickjo01,1944,John Ralph,L,2,1
fiebecl01,1932,Clarence Thomas,L,1,1
filsope01,1982,William Peter,L,187,8
finlech01,1986,Charles Edward,L,2610,18
finlest01,2001,Steven Allen,L,0,1
fischca01,1930,Charles William,L,376,10
fishefr01,1964,Frederick Brown,L,1,1
fittepa01,1914,Paul Clarence,L,34,2
fitzgbr01,2002,Brian Michael,L,3,1
fitzgjo03,1958,John Francis,L,3,1
flahepa02,1899,Patrick Joseph,L,271,10
flanami01,1975,Michael Kendall,L,1491,19
flanito01,1954,Thomas Anthony,L,0,2
flavijo01,1964,John Thomas,L,5,1
flemida01,1991,David Anthony,L,303,6
flenehu01,1993,Gregory Alan,L,55,3
fletcto01,1962,Thomas Wayne,L,1,1
flitchi01,1942,Hildreth Milton,L,1,1
flohrmo01,1934,Moritz Herman,L,6,1
floredo01,1995,Donald Emery,L,5,1
florera01,2002,Randy Alan,L,202,10
florero01,2005,Ronald Joel,L,41,3
flowewe01,1940,Charles Wesley,L,11,2
flynnca01,1894,Cornelius Francis Xavier,L,11,3
foleycu01,1879,Charles Joseph,L,127,5
foleyjo01,1885,John J.,L,2,1
folkeri01,1970,Richard Nevin,L,242,7
fontera01,1983,Silton Ray,L,216,5
foorji01,1971,James Emerson,L,5,3
fordhto01,1997,Thomas James,L,33,2
fordma01,2003,Matthew Lee,L,26,1
fordwh01,1950,Edward Charles,L,1956,16
forembr01,1895,John Davis,L,81,3
foremfr01,1884,Francis Isaiah,L,586,14
foremha01,1924,August G.,L,4,2
forstsc01,2000,,L,23,1
forstte01,1971,Terry Jay,L,791,16
fortuti01,1992,Timothy Shawn,L,84,3
fosnoje01,1964,Gerald Eugene,L,44,2
fossato01,1988,Emilio Antonio (Morejon),L,324,14
fossuca01,2001,Casey Paul,L,607,9
fostejo01,2002,John Norman,L,54,3
fournhe01,1894,Julius Henry,L,5,1
fowleje01,1924,Jesse Peter,L,5,1
foxenbi01,1908,William Aloysius,L,130,5
frailke01,1972,Kenneth Douglas,L,136,5
francje01,2004,Jeffrey William,L,694,7
francjo01,1984,John Anthony,L,975,21
francos01,1890,Osman Beverly,L,0,1
francra01,1922,Ray James,L,96,4
francte01,1989,Terry Jon,L,1,1
frankwa01,2000,Gary Wayne,L,216,7
freembu01,1891,John Frank,L,28,2
freemji01,1972,Jimmy Lee,L,38,2
freitto01,1932,Antonio,L,135,5
frencla01,1929,Lawrence Herbert,L,1187,15
frenclu01,2009,Lucas Stephen,L,79,3
freyst01,1989,Steven Francis,L,157,10
friedcy01,1920,Arthur Edwin,L,0,1
frienda01,1895,Daniel Sebastian,L,158,4
friespe01,1883,Peter Martin,L,7,1
frilljo01,1910,John Edmond,L,33,3
fritzch01,1907,Charles Cornelius,L,1,1
froatbi01,1955,William John,L,0,1
frymawo01,1966,Woodrow Thompson,L,1587,20
fuentbr01,2001,,L,615,12
fuhros01,1921,Oscar Lawrence,L,59,3
fultzaa01,2000,,L,394,8
funkto01,1986,Thomas James,L,2,1
furbuch01,2011,Charles R.,L,67,2
fussefr01,1922,Frederick Morris,L,103,4
gabbaka01,2006,Kason Ronald,L,103,4
gainene01,1921,Willard Roland,L,1,1
galatmi01,1936,Milton,L,3,1
gallabi01,1883,William John,L,31,2
gallado01,1962,Douglas Eugene,L,14,1
gallaed01,1932,Edward Michael,L,6,1
gallomi01,2003,Michael Dwain,L,69,4
gannogu01,1895,James Edward,L,0,1
garagke01,1994,Keith John,L,3,1
garatvi01,2009,Victor J.,L,0,1
garcija02,2008,Jaime Omar,L,296,3
garcimi02,1987,Miguel Angel (Sifontes),L,11,4
gardnro01,1965,Richard Frank,L,193,10
garibda01,2000,,L,46,1
garregr01,1970,Gregory,L,55,2
garrist01,2011,Stevenson N.,L,0,1
garryji01,1893,James Thomas,L,2,1
garvije01,1977,Theodore Jared,L,320,6
gassach01,1944,Charles Cason,L,80,3
gassnda01,2005,David K.,L,2,1
gastowe01,1898,Welcome Thornburg,L,0,2
gaubjo01,2011,John David,L,3,1
gearidi01,1923,Dennis John,L,13,3
geejo01,1939,John Alexander,L,65,7
geiseda01,1978,John David,L,144,7
georgbi01,1887,William M.,L,78,3
georgch02,2001,,L,99,4
georgle01,1911,Thomas Edward,L,74,4
gerharu01,1974,Allen Russell,L,22,1
gerheal01,1943,Albert,L,255,5
gerneed01,1919,Edwin Frederick,L,2,1
gervale01,1913,Lucien Edward,L,1,1
gettito01,1895,Lewis Thomas Leyton,L,0,1
giallbo01,1958,Robert Paul,L,14,1
giardjo01,1925,Joseph Oscar,L,71,3
gibbojo01,1960,Joseph Charles,L,743,15
gibsopa01,1988,Paul Marshall,L,345,9
gilbejo02,1972,Joe Dennis,L,42,2
gilbrbi01,1971,William Freeman,L,16,3
gillha01,1923,Harold Edward,L,1,1
gillipa01,1967,Paul Gant,L,2,1
gilsoha01,1968,Harold,L,20,2
givenbr01,1995,,L,83,2
glavito02,1987,Thomas Michael,L,2607,22
gleatje01,1979,Jerry Don,L,265,12
gloadro01,2009,Ross Peter,L,0,1
glynned01,1975,Edward Paul,L,184,10
gobblji01,2003,Billy James,L,285,7
gomezle01,1930,Vernon Louis,L,1468,14
gomezpa01,1993,Patrick Alexander,L,55,3
gonzaga01,1998,,L,0,1
gonzagi01,2008,Giovany A.,L,511,4
gonzami02,2003,Michael Vela,L,412,10
gonzavi01,1955,"Wenceslao (O'Reilly)",L,1,1
goodejo01,1928,John Henry William,L,0,1
goodwi01,1905,Wilbur David,L,13,1
goodwji01,1948,James Patrick,L,3,1
gorinch01,1954,Charles Perry,L,12,2
gormato01,1939,Thomas David,L,2,1
gormato03,1981,Thomas Patrick,L,144,8
gormljo01,1891,Joseph,L,2,1
gorzeto01,2005,Thomas Stephen,L,506,8
goslimi01,2004,Michael Frederick,L,74,5
graboal01,1929,Alfons Francis,L,65,2
grabojo02,2003,John,L,400,10
gracefr01,2004,Franklyn Benjamin,L,1,1
gracema01,2002,Mark Eugene,L,0,1
grahabi01,1908,William James,L,141,3
grahaos01,1907,Oscar Marion,L,44,1
gramaal01,2004,Alex Joseph,L,4,2
graneja01,1908,John Gladstone,L,0,1
grangje01,1993,Jeffery Adam,L,19,4
grantji01,1923,James Ronald,L,0,1
graydo01,1909,William Denton,L,213,3
grayte01,1946,Ted Glenn,L,687,12
greasjo01,1873,John A.,L,3,1
greench01,1984,Christopher De Wayne,L,3,1
greenfr01,1959,Fred Allen,L,77,5
greenne01,1924,Nelson George,L,7,2
greggve01,1911,Sylveanus Augustus,L,720,9
gregole01,1964,Grover Leroy,L,8,1
grifffr01,1892,Frank Wesley,L,18,2
griffle01,1946,Leon Clifford,L,4,1
grillgu01,1966,Guido John,L,12,2
grimsro01,1951,Ross Albert I,L,8,1
grimsro02,1971,Ross Albert II,L,750,12
grissle01,1934,Lee Theo,L,384,10
groombu01,1992,Wedsel Gary (Jr.),L,494,16
grossdo01,1955,Donald John,L,230,6
grossgr01,1986,Gregory Eugene,L,3,2
grottma01,1995,Matthew Allen,L,2,1
grovele01,1925,Robert Moses,L,2266,17
grundke01,1996,Kenneth Allan,L,0,2
grunwal01,1955,Alfred Henry,L,11,2
grzenjo01,1961,Joseph Charles,L,173,8
guarded01,1993,Edward Adrian,L,798,19
gudatma01,1929,Marvin John,L,2,2
guettle01,1984,Arthur Lee,L,287,12
guidrro01,1975,Ronald Ames,L,1778,14
guinnsk01,1968,Drannon Eugene,L,40,3
guisele01,1940,Witt Orison,L,1,1
gulledo01,1970,Donald Edward,L,921,9
gundeer01,1990,Eric Andrew,L,137,11
gurala01,1970,Lawrence Cyril,L,801,17
guthrma01,1989,Mark Andrew,L,778,19
guzmajo02,1991,Dionini Ramon (Estrella),L,3,2
haasbr01,1915,Bruno Philip,L,7,1
haddiha01,1952,Harvey (Jr.),L,1575,15
haefnmi01,1943,Milton Arnold,L,508,10
hagadni01,2011,Nicholas Michael,L,11,1
hahnfr01,1952,Frederick Aloys,L,0,1
hahnno01,1899,Frank George,L,917,8
halamjo01,1998,,L,492,10
hallabi01,1925,William Anthony,L,856,13
hallajo01,1905,John Arthur,L,4,1
halldr01,1986,Andrew Clark,L,148,5
hallto01,1968,Tom Edward,L,797,12
halsebr01,2004,Bradford Alexander,L,160,3
hamelco01,2006,Cole Michael,L,1091,6
hamilda01,1972,David Edward,L,434,11
hamilea01,1911,Earl Andrew,L,790,16
hamilst01,1961,Steven Absher,L,531,14
hammaat01,1981,Charlton Atlee,L,615,13
hammoch01,1990,Christopher Andrew,L,712,14
hampsju01,2006,Justin Michael,L,62,3
hamptmi01,1993,Michael William,L,1387,16
hamulti01,2005,Timothy William Alex,L,36,2
hancoga01,1984,Ronald Garry,L,0,1
hancole01,1995,Leland David,L,19,2
handbr01,2011,Bradley Richard,L,38,1
haneych01,1991,Christopher Deane,L,442,13
hanleji01,1913,James Patrick,L,2,1
hannage01,1976,Gerald Ellis,L,42,4
hansesn01,1930,Roy Emil Frederick,L,176,6
hansffc01,1898,Frank Cicero,L,0,1
hanskdo01,1943,Donald Thomas,L,0,2
happja01,2007,James Anthony,L,354,6
hardyal01,1902,David Alexander,L,16,2
hardyha01,1905,Harry,L,14,2
harlola01,1978,Larry Duane,L,1,1
harpeha01,1913,Harry Clayton,L,623,10
harrihe01,1936,Herbert Benjamin,L,0,1
harrima01,2008,Matthew Reid,L,248,4
harrimi01,1940,Maurice Charles,L,534,11
harshja01,1952,John Elvin,L,741,10
hartgde01,1995,Dean Charles,L,58,4
hartmbo01,1959,Robert Louis,L,12,2
hartrra01,1913,Raymond Joseph,L,1,1
harveza01,1900,Ervin King,L,27,2
hasslan01,1971,Andrew Earl,L,630,18
hathahi01,1992,Hillary Houston,L,12,2
hattecl01,1935,Clyde Melno,L,19,2
hattejo01,1946,Joseph Hilarian,L,381,8
havenbr01,1981,Bradley David,L,370,10
haydele01,1958,Eugene Franklin,L,3,1
haywara01,1986,Raymond Alton,L,45,3
heardja01,1954,Jehosie,L,2,1
hearnbu01,1910,Charles Bunn,L,111,6
hearnbu02,1926,Elmer Lafayette,L,65,4
heatone01,1982,Neal,L,699,14
heberwa01,1931,Wallace Andrew,L,115,4
hedgpha01,1913,Harry Malcolm,L,0,1
heepda01,1988,Daniel William,L,0,2
heimafr01,1920,Frederick Amos,L,334,14
heimugo01,1983,Gorman John,L,34,2
heintke01,1937,Kenneth Alphonse,L,564,14
heisecl01,1934,Clarence Edward,L,1,1
heismcr01,1901,Christian Ernest,L,23,3
hendeed01,1914,Edward J.,L,5,2
hendlbo01,1961,Charles Robert,L,522,9
hendred01,1910,Edward,L,2,1
hendrma01,2002,Mark Allan,L,666,11
hennse01,2005,Sean Michael,L,62,6
henrybi01,1952,William Rodman,L,621,18
henrybi02,1966,William Francis,L,3,1
henrybu01,1992,Floyd Bluford (III),L,345,8
henrydu01,1921,Frank John,L,170,9
henryea01,1944,Earl Clifford,L,15,2
henryjo01,1884,John Michael,L,73,3
henshro01,1933,Roy Knikelbine,L,337,8
henslch01,1986,Charles Floyd,L,6,1
heplebi01,1966,William Lewis,L,25,1
heredfe01,1996,Felix (Perez),L,351,12
hernaca03,2001,Carlos Enrique,L,136,3
hernara01,1967,Ramon (Gonzalez),L,255,11
hernawi01,1977,Guillermo (Villanueva),L,788,14
herreal01,2002,Alexander Jose,L,11,2
herreda01,2008,Daniel,L,71,5
herrile01,1899,Silas Clarke,L,0,1
herrmma01,1918,Martin John,L,0,1
heskejo01,1984,Joseph Thomas,L,726,13
hessot01,1902,Otto C.,L,580,10
hestela01,1901,Lawrence,L,2,1
hewitja01,1895,Charles Jacob,L,4,1
hibbagr01,1989,James Gregory,L,408,6
hibbajo01,1884,John Denison,L,4,1
hickebr01,1991,Bryan David,L,279,6
hickeja01,1904,John William,L,5,1
hickeke01,1981,Kevin John,L,118,6
highed01,1901,Edward Thomas,L,4,1
higuete01,1985,Teodoro (Valenzuela),L,1081,9
hilgeto01,1969,Thomas Eugene,L,173,6
hillbi01,1896,William Cicero,L,280,6
hillda01,1957,David Burnham,L,1,1
hilleho01,1905,Homer Hiller Henry,L,70,3
hillejo01,1965,John Frederick,L,1036,15
hillmer01,1992,John Eric,L,96,3
hillre01,1917,Clifford Joseph,L,0,1
hillri01,2005,Richard Joseph,L,370,7
hinckmi01,2008,Michael David,L,12,2
hinshal01,2008,Alexander Omar,L,49,2
hintori01,1971,Richard Michael,L,152,8
hippahe01,1966,Herbert August,L,1,1
hitchst01,1992,Sterling Alex,L,997,15
hittlll01,1949,Lloyd Eldon,L,41,2
hittro01,1907,Roy Wesley,L,63,1
hobbsjo01,1981,John Douglas,L,1,1
hockege01,1934,George Edward,L,25,2
hodgeed01,1984,Ed Oliver,L,59,1
hodkeel01,1946,Aloysius Joseph,L,0,1
hoeftbi01,1952,William Frederick,L,1140,18
hoernjo01,1963,Joseph Walter,L,412,16
hoersle01,1940,Frank Joseph,L,105,5
hoffch01,1911,Chester Cornelius,L,49,4
hoffmbi01,1939,William Joseph,L,1,1
hoffmda01,1903,Daniel John,L,0,1
hoffmgu01,1979,Guy Alan,L,187,6
hogsech01,1929,Elon Chester,L,441,12
holkewa01,1923,Walter Henry,L,0,1
hollaal01,1977,Alfred Willis,L,513,12
hollabi02,1939,William David,L,2,1
hollade01,2009,Derek,L,323,3
hollial01,1935,Albert Wayne,L,608,14
hollijo01,1892,John Henry,L,2,1
hollyje01,1977,Jeffrey Owen,L,49,3
holtzke01,1965,Kenneth Dale,L,1601,17
holtzmi01,1996,Michael James,L,223,9
holzema01,1993,Mark Harold,L,64,6
honeyri01,1977,Frederick Wayne,L,1038,24
hooddo01,1973,Donald Harris,L,374,11
hoovedi01,1952,Richard Lloyd,L,0,1
hoppele01,1898,Clarence Franklin,L,5,1
horgajo01,2004,Joseph Paul,L,35,2
horsmvi01,1991,Vincent Stanley Joseph,L,61,5
horstje01,2011,Jeremy M.,L,9,1
hortori01,1984,Ricky Neal,L,319,9
hostge01,1956,Eugene Earl,L,14,2
hottoto01,2011,Thomas L.,L,2,1
houseja01,2010,James Robert,L,1,1
housejo02,1914,Joseph William,L,6,1
housepa01,1967,Patrick Lory,L,8,2
houseto01,1971,Thomas Ross,L,261,9
howarch02,1993,Christian,L,25,3
howarle01,1946,Lee Vincent,L,8,2
howeca01,1952,Calvin Earl,L,2,1
howeljp01,2005,James Phillip,L,333,6
howest01,1980,Steven Roy,L,328,13
hraboal01,1970,Alan Thomas,L,548,13
hubbeca01,1928,Carl Owen,L,1677,16
hudsoch01,1972,Charles,L,38,3
hudsoha01,1952,Hal Campbell,L,4,3
hudsoje01,1969,Jesse James,L,3,1
huffda01,2009,David Gregory,L,138,3
hughebi01,1885,William R.,L,4,1
hughedu01,2009,Dustin Robert,L,60,3
hugheve01,1914,Vernon Alexander,L,0,1
hulihha01,1922,Harry Joseph,L,16,1
huntbe01,1910,Benjamin Franklin,L,25,2
huntege01,1909,George Henry,L,43,1
huntewi01,1962,Willard Mitchell,L,63,3
hurstbr01,1980,Bruce Vee,L,1689,16
hurstja01,1994,James Lavon,L,5,1
huttoto01,1980,Thomas George,L,1,1
hynespa01,1903,Patrick J.,L,7,2
igawake01,2007,Kei,L,53,2
ignasga01,1973,Gary Raymond,L,4,1
ilslebl01,1994,Blaise Francis,L,9,1
inksbe01,1891,Albert John,L,167,8
iottho01,1941,Clarence Eugene,L,53,3
ishiika01,2002,Kazuhisa,L,435,4
jacksal01,1959,Alvin Neill,L,738,11
jacksda01,1978,Darrell Preston,L,229,5
jacksda02,1983,Danny Lynn,L,1225,17
jacksgr01,1965,Grant Dwight,L,889,21
jacksmi01,1970,Michael Warren,L,33,5
jacksza01,2006,Zachary Thomas,L,63,4
jacobar01,1939,Arthur Edward,L,0,1
jacobbe01,1904,Albert Leonard,L,195,5
jacomja01,1994,Jason James,L,141,7
jacquto01,2000,,L,6,1
jamerle01,1924,Charles Dewey,L,0,1
jamesch03,2005,Charles Hamilton,L,242,5
jamesle01,1912,William A.,L,36,3
jamiech01,1916,Charles Devine,L,7,5
jastela01,1965,Larry Edward,L,313,7
jeffcmi01,1983,James Michael,L,242,11
jimence01,2006,Cesar Enrique,L,36,3
jimenge01,1988,German (Camarena),L,26,1
jimenja01,2002,Jason Jon,L,5,2
johnsar01,1927,Arthur Gilbert,L,0,1
johnsar02,1940,Arthur Henry,L,71,3
johnsau01,1926,Augustus Francis,L,41,2
johnsch03,1946,Chester Lillis,L,8,1
johnsdo04,1995,Douglas Alan,L,180,4
johnsea01,1940,Earl Douglas,L,250,8
johnsje02,1991,William Jeffrey,L,76,3
johnsji03,1970,James Brian,L,2,1
johnsjo01,1894,John Louis,L,10,1
johnsjo03,1944,John Clifford,L,49,2
johnsjo04,1978,John Henry,L,407,9
johnske01,1947,Kenneth Wandersee,L,147,7
johnsll01,1934,Lloyd William,L,0,1
johnsmi03,2004,Michael Charles,L,20,2
johnsol01,1905,Oliver Tracy,L,8,1
johnsra05,1988,Randall David,L,4875,24
johnsty01,2005,Tyler James,L,65,3
johnsvi01,1944,Victor Oscar,L,31,3
johnto01,1963,Thomas Edward (Jr.),L,2245,28
joinero01,1934,Roy Merrill,L,34,3
jonesal01,1889,Alexander H.,L,65,5
jonesbo04,1997,Robert Mitchell,L,229,7
jonesco01,1898,Albert Edward,L,147,4
jonesea01,1945,Earl Leslie,L,13,1
jonesga01,1970,Gareth Howell,L,12,2
joneshu01,2009,David Hunter,L,12,2
jonesmi01,1890,Michael,L,6,1
jonesmi02,1980,Michael Carl,L,106,4
jonespe01,1920,Percy Lee,L,381,9
jonesra01,1973,Randall Leo,L,735,10
jonesri01,1976,Thomas Frederick,L,72,3
jonesst01,1967,Steven Howell,L,59,3
jordani01,1951,Niles Chapman,L,13,2
jordari03,1995,Ricardo,L,47,4
joycedi01,1965,Richard Edward,L,7,1
juddos01,1941,Thomas William Oscar,L,304,9
jurewmi01,1965,Michael Allen,L,2,1
juulhe01,1911,Herbert Victor,L,2,1
kaatji01,1959,James Lee,L,2461,28
kaisebo01,1971,Robert Thomas,L,4,1
kaiseje01,1985,Jeffrey Patrick,L,38,8
kalfabi01,1937,William Philip,L,9,1
kampik01,1924,Alphonse Francis,L,24,2
kaneha01,1902,Harry,L,43,4
kantler01,1914,Erving Leslie,L,141,4
kargeed01,1906,Edwin,L,415,8
karlsc01,1995,Randall Scott,L,513,7
karnsbi01,1901,William Arthur,L,5,1
karpehe01,1946,Herbert,L,0,1
karpry01,1995,Ryan Jason,L,20,2
kashita01,1997,Takashi,L,19,1
kazmisc01,2004,Scott E.,L,993,9
keatibo01,1887,Robert Edward,L,0,1
keefege01,1886,George Washington,L,213,6
keefejo01,1890,John Thomas,L,120,1
keenaji02,1920,James William,L,9,2
keifeka01,1914,Sherman Carl,L,2,1
keislra01,2000,,L,100,6
kekicmi01,1965,Michael Dennis,L,497,10
kelbge01,1898,George Francis,L,8,1
kelledi01,1964,Richard Anthony,L,369,7
kellnal01,1948,Alexander Raymond,L,816,13
kelloal01,1908,Albert Clement,L,8,1
kelluwi01,1901,Winford Ansley,L,97,3
kellyhe01,1914,Herbert Barrett,L,12,2
kennear01,1938,Arthur Joseph,L,2,1
kennebi01,1942,William Gorman,L,23,3
kennebi02,1948,William Aulton,L,256,9
kennejo04,2001,,L,558,10
kennemo01,1946,Montia Calvin,L,411,8
kentst01,2002,Steven Patrick,L,41,1
kerrdi01,1919,Richard Henry,L,235,4
kershcl01,2008,Clayton Edward,L,745,4
kershja01,2002,Jason Ashley,L,65,4
keupphe01,1914,Henry John,L,70,1
keyji01,1984,James Edward,L,1538,15
kielyle01,1951,Leo Patrick,L,212,7
kilbybr01,2009,Brad Thomas,L,28,2
kileyjo01,1891,John Frederick,L,1,1
kilgupa01,1987,Paul Nelson,L,251,6
kilkemi01,1969,Michael David,L,301,8
killefr01,1891,Frank Bissell,L,725,12
killied01,1903,Edwin Henry,L,516,8
kilroma01,1886,Matthew Aloysius,L,1170,10
kimeha01,1920,Harold Lee,L,1,1
kingke01,1993,Kevin Ray,L,17,3
kingra01,1999,,L,278,11
kinnede01,1978,Dennis Paul,L,75,6
kinnewa01,1918,Walter William,L,129,4
kinnumi01,1980,Michael John,L,23,3
kippebo01,1985,Robert Wayne,L,369,9
kippfr01,1957,Fred Leo,L,64,4
kirkbi01,1961,William Partlemore,L,3,1
kirkmmi01,2010,Michael Scott,L,37,2
kiserga01,1991,Garland Routhard,L,3,1
klawito01,1985,Thomas Carl,L,5,1
kleinha01,1944,Harold John,L,18,2
kleinte01,1934,Theodore Otto,L,48,5
klinest02,1997,Steven James,L,493,12
klinkjo01,1987,Joseph Charles,L,94,5
klobefr01,1896,Frederick Augustus,L,181,5
knausfr01,1890,Frank H.,L,159,5
kneisru01,1926,Rudolph Frank,L,4,1
knellph01,1888,Philip H.,L,575,9
kneppbo01,1976,Robert Wesley,L,1473,16
knighjo01,1884,Jonah William,L,8,1
knotter01,2001,,L,21,2
knowlda01,1965,Darold Duane,L,681,17
kobelke01,1973,Kevin Richard,L,205,6
koechdi01,1946,Richard Finlay,L,8,3
koober01,1915,Ernest Gerald,L,121,4
kooda01,2005,Dae-Sung,L,23,1
koosmje01,1967,Jerome Martin,L,2556,20
koronjo01,2005,John Vincent,L,77,4
korwaji01,1894,James,L,14,2
kosloda01,1941,George Bernard,L,606,13
koufasa01,1955,Sanford,L,2396,12
kozlobe01,2002,Benjamin Anthony,L,6,1
kraemjo01,1989,Joseph Wayne,L,21,2
krakajo01,1937,Joseph Victor Lawrence,L,347,7
kralija01,1959,John Francis,L,668,10
kralyst01,1953,Steve Charles,L,8,1
krausha01,1908,Harry William,L,298,6
krausja01,1943,John William,L,83,3
kraveke01,1975,Kenneth Peter,L,557,8
kremmji01,1973,James Louis,L,28,2
kreugri01,1975,Richard Allen,L,20,4
kreutfr01,1962,Franklin James,L,151,7
krivdri01,1995,Rick Michael,L,165,5
krockgu01,1888,August H.,L,209,5
kroenza01,2010,Zachary B.,L,5,2
krohru01,1906,Floyd Myron,L,92,6
kruegbi01,1983,William Culp,L,639,17
kubenje01,1998,,L,12,2
kubinti01,1997,Timothy Mark,L,17,2
kuhaufr01,1977,Fred Mahele,L,19,2
kulljo01,1909,John A.,L,4,1
kuoho01,2005,Hong-Chih,L,345,7
kuzavbo01,1946,Robert Leroy,L,446,15
laceybo01,1977,Robert Joseph (Jr.),L,251,8
laffeaa01,2007,Aaron Steven,L,185,6
lamanfr01,1935,Frank James,L,1,1
lamaswa01,1937,Noble Wayne,L,173,3
lampehe01,1894,Henry Joseph,L,19,2
lanahdi01,1935,Richard Anthony,L,62,4
landibi01,1963,William Henry,L,135,4
langma01,1930,Martin John,L,2,1
langsma01,1984,Mark Edward,L,2464,17
laniema01,1938,Hubert Max,L,821,15
lannajo01,2007,John E.,L,393,5
lannire01,1916,Lester Alfred,L,9,1
lannito01,1938,Thomas Newton,L,2,1
lapalpa01,1951,Paul Edmore,L,277,9
lapoida01,1980,David Jeffrey,L,802,15
laraju01,2006,Juan Manuel,L,4,2
larkipa01,1983,Patrick Clibborn,L,6,1
larocda01,1970,David Eugene,L,819,15
larosjo01,1978,Henry John,L,0,1
lasorto01,1954,Thomas Charles,L,37,3
lathabi01,1985,William Carol,L,18,2
lattibi01,1908,William Hershel,L,5,1
lavelga01,1974,Gary Robert,L,769,14
lawrese01,1998,,L,12,1
lawsost01,1972,Steven George,L,13,1
laxtobi01,1970,William Harry,L,189,6
lazarda01,1968,John Daniel,L,20,2
leachbr01,2009,Brent,L,19,1
leachri01,1984,Richard Max,L,0,1
learyja01,1880,John J.,L,23,6
leblawa01,2008,Wade Matthew,L,205,4
ledezwi01,2003,Wilfredo J.,L,283,12
leebi03,1969,William Francis (III),L,713,14
leecl02,2002,Clifton Phifer,L,1323,12
leeco01,1999,,L,0,1
leema03,1988,Mark Owen,L,84,4
leemi01,1960,Michael Randall,L,17,2
leero01,1945,Roy Edwin,L,0,1
leesa01,2000,,L,6,1
leeth01,1933,Thornton Starr,L,937,16
leewa01,1901,Wyatt Arnold,L,162,4
lefebbi01,1938,Wilfred Henry,L,36,4
leffecr01,1983,Craig Lindsay,L,719,14
lehenre01,1932,Regis Francis,L,1,1
lehmake01,1952,Kenneth Karl,L,134,6
leibrch01,1979,Charles Louis (Jr.),L,1121,14
leifile01,1905,Albert Peter,L,616,13
leipeda01,1984,David Paul,L,150,11
leipeja01,1891,John Henry Thomas,L,19,1
leiteal01,1987,Alois Terry,L,1974,21
leithbi01,1899,William,L,1,1
lemasde01,1962,Denver Clayton,L,1305,11
lemaydi01,1961,Richard Paul,L,69,3
lemonda01,1969,David Lee,L,69,2
leonadu01,1913,Hubert Benjamin,L,1160,11
leoporu01,1928,Rudolph Matas,L,0,1
lerchra01,1975,Randy Louis,L,507,13
leshndo01,1972,Donald Lee,L,2,1
lestejo01,2006,Jonathan Tyler,L,894,6
leverwa01,1913,Walter Fred,L,131,3
lewisro01,2010,Rommie Lee,L,20,2
lewissc02,2008,Scott Edwin,L,18,2
leyte01,1971,Terrence Richard,L,7,1
liddldo01,1953,Donald Eugene,L,198,5
lillide01,1989,Derek Jansen,L,261,9
lillyte01,1999,Theodore Roosevelt,L,1632,15
lincoez01,1890,Ezra Perry,L,28,2
lindbpa01,1965,Paul Aaron,L,671,16
linesdi01,1966,Richard George,L,103,2
linkfr01,1910,Edward Theodore,L,60,2
lintro01,1954,Royce James,L,36,1
liriafr01,2005,Francisco Casillas,L,679,6
littldi01,1950,Richard Bernard,L,495,13
littlje01,1980,Donald Jeffrey,L,43,2
livinbo01,2006,Robert James,L,30,2
lloydgr01,1993,Graeme John,L,304,13
lockeje01,2011,Jeffrey Alan,L,5,1
lockero01,1964,Ronald Thomas,L,17,1
loewead01,2006,Adam A.,L,134,3
loganbo01,1935,Robert Dean,L,67,6
loganbo02,2006,Boone,L,186,6
lolicmi01,1963,Michael Stephen,L,2832,16
lollati01,1980,William Timothy,L,600,8
lombalo01,1948,Louis,L,0,1
lombavi01,1945,Victor Alvin,L,340,6
longjo01,1997,Joey J.,L,8,1
longto02,1924,Thomas Francis,L,0,1
loonebr01,1993,Brian James,L,11,3
lopatar01,1945,Arthur Joseph,L,9,2
lopated01,1944,Edmund Walter,L,859,13
lopezar02,2009,Javier Arturo,L,0,1
lopezja02,2003,Javier Alfonso,L,230,11
lopezma01,1963,Marcelino Pons,L,426,9
lorenle01,1913,Adolph Andreas,L,0,1
lorraan01,1994,Andrew Jason,L,113,8
loughla01,1967,Larry John,L,5,1
loundo01,1964,Donald Nelson,L,3,1
lovelva01,1988,Vance Odell,L,2,3
lovesl01,1913,Edward Haughton,L,251,6
lowdelo01,1911,Louis Bailey,L,22,2
lowryno01,2003,Noah Ryan,L,420,5
lucasga01,1980,Gary Paul,L,410,8
luebkco01,2010,Cory Robert,L,172,2
luebkdi01,1962,Richard Raymond,L,7,1
lukasma01,2001,,L,40,2
lumenra01,1957,Raphael Anthony,L,30,3
luname01,1954,Guillermo Romero,L,0,1
lushjo01,1904,John Charles,L,490,8
lylesp01,1967,Albert Walter,L,873,18
macdobo01,1990,Robert Joseph,L,142,6
mackbi01,1908,William Francis,L,2,1
mackeke01,1960,Kenneth Purvis,L,142,7
maclaev01,2010,Evan Alan,L,0,1
maclebi01,1962,William Daniel,L,2,1
maconma01,1938,Max Cullen,L,90,6
maculji01,1885,James F.,L,1,2
maddeki01,1887,Michael Joseph,L,284,6
maddele01,1912,Leonard Joseph,L,5,1
maddemi01,1983,Michael Anthony,L,119,4
maddemo01,1987,Morris De Wayne,L,9,3
madribo01,2004,Robert Allen,L,61,2
magnami01,1991,Michael Anthony,L,347,12
magnuji01,1970,James Robert,L,40,3
magrajo01,1987,Joseph David,L,564,9
mahanar01,1940,Arthur Leo,L,0,1
mahayro01,1997,Ronald Matthew,L,470,17
mahlemi01,1977,Michael James,L,262,10
maholpa01,2005,Paul G.,L,705,7
mahonal01,1930,Alfred Gwinn,L,0,1
mailsdu01,1915,John Walter,L,232,7
mainesc01,2010,Scott,L,16,2
maireos01,2000,,L,21,2
makowto01,1975,Thomas Anthony,L,3,1
malasma01,2003,Dennis Mark,L,29,2
mallema01,1950,Malcolm Francis,L,2,1
malliro01,1987,Robbin Dale,L,42,3
malonma02,2009,Matthew M.,L,54,3
mannich01,2008,Charles Nelson,L,37,1
mansklo01,1906,Louis Hugo,L,6,1
manzara01,1988,Ravelo (Adams),L,50,3
mapelro01,1919,Rolla Hamilton,L,2,1
margojo01,1956,Joseph Emanuel,L,67,2
maronlo01,1969,Louis Stephen,L,25,2
marotmi01,2002,Michael Warren,L,443,7
marquru01,1908,Richard William,L,1593,19
marshja01,2007,Jay William,L,19,2
marshse01,2006,Sean Christopher,L,439,6
marteda01,1999,,L,533,12
martida01,1990,David,L,0,2
martijo05,1980,John Robert,L,120,5
martilu01,2003,Luis,L,10,1
martimo01,1949,Morris Webster,L,245,13
martipa01,1919,Patrick Francis,L,20,2
martipe03,1993,Pedro (Aquino),L,114,6
martiti01,1974,Felix Anthony,L,632,15
martito02,1997,Thomas Edgar,L,224,12
masaoon01,1999,,L,88,2
masonmi01,1982,Michael Paul,L,363,8
mastepa01,1940,Paul Nicholas,L,14,3
mathegr01,1986,Gregory Inman,L,251,5
mathica01,1960,Carl Lynwood,L,20,2
matlajo01,1971,Jonathan Trumpbour,L,1516,13
matthjo01,1922,John Joseph,L,0,1
matthmi01,2000,,L,175,7
mattimi01,1887,Michael Joseph,L,132,5
matusbr01,2009,Brian Robert,L,219,3
maureda01,2000,,L,18,4
mayda02,1995,Darrell Kevin,L,414,9
mayered02,1957,Edwin David,L,17,2
mayersa01,1915,Samuel Frankel,L,0,1
mayja01,1917,Frank Spruiell,L,765,14
mayru01,1965,Rudolph (Jr.),L,1760,18
mcavoto01,1959,Thomas John,L,0,1
mcbeepr01,1926,Pryor Edward,L,1,1
mcbrima01,2005,Joseph Macay,L,98,4
mccaldu01,1948,Robert Leonard,L,89,1
mccalwi01,1948,John William,L,144,7
mccarda01,2004,David Andrew,L,4,1
mccargr01,1996,"Gregory O'Neil",L,66,3
mccarjo03,1939,John Joseph,L,0,1
mccaual01,1884,Allen A.,L,34,1
mccloji01,1936,James Ellwood,L,2,1
mcclubo01,1975,Robert Craig,L,701,22
mccluha02,1915,Harry Robert,L,2,1
mcconsa02,2004,John Samuel,L,4,1
mccoobi01,1964,William John,L,471,7
mccormi03,1956,Michael Francis,L,1321,17
mcdermi03,1948,Maurice Joseph,L,757,13
mcdevda01,1957,Daniel Eugene,L,303,7
mcdilal01,1997,Allen Gabriel,L,28,4
mcdowsa01,1961,Samuel Edward Thomas,L,2453,16
mcelrch01,1989,Charles Dwayne (Sr.),L,604,17
mcenawi01,1974,William Henry,L,148,6
mcgeeja01,2010,Jacob Daniel,L,33,2
mcgiljo01,1944,John Joseph,L,0,1
mcgilwi01,1890,William Vaness,L,510,8
mcginda01,1968,Daniel Michael,L,293,5
mcgingu01,1893,August,L,25,2
mcgowmi01,1948,Tullis Earl,L,2,1
mcgraho01,1912,Howard,L,5,1
mcgrato01,1997,Thomas Virgil,L,0,1
mcgratu01,1965,Frank Edwin (Jr.),L,1109,19
mcgresc01,1976,Scott Houston,L,904,13
mcilvir01,1906,Henry Cooke,L,3,1
mckaiar01,1937,Archie Richard,L,188,7
mckeero01,1943,Rogers Hornsby,L,1,2
mckeojo01,1986,Joel Jacob,L,32,2
mclauji01,1884,James Thomas,L,8,1
mclauju01,1931,Justin Theodore,L,4,3
mclauwa01,1900,Warren A.,L,17,3
mclemma02,2007,Mark Steven,L,35,1
mcmacsa01,1902,Samuel,L,4,2
mcmahja02,1956,Jack Wally,L,22,2
mcmakjo01,1902,John Weaver,L,6,1
mcmuljo01,1871,John F.,L,37,4
mcnalda01,1962,David Arthur,L,1512,14
mcnicbr01,1999,,L,12,1
mcquemi01,1969,Michael Robert,L,140,5
mctigbi01,1911,William Patrick,L,41,3
mcwilla01,1978,Larry Dean,L,940,15
meadoru01,1926,Rufus Rivers,L,0,1
meadsda01,1987,David Donald,L,59,2
medliir01,1949,Irving John,L,9,2
meekero01,1923,Charles Roy,L,54,3
meersru01,1941,Russell Harlan,L,35,3
meltocl01,1937,Clifford George,L,660,8
mercahe01,2000,,L,127,4
mercema01,1981,Mark Kenneth,L,8,1
merckke01,1989,Kent Franklin,L,917,21
merensp01,1934,John Joseph,L,7,1
meridro01,1984,Ronald Knox,L,46,4
merriji01,1965,James Joseph,L,932,11
meyerbo01,1964,Robert Bernard,L,92,5
meyerda02,2004,Daniel L.,L,92,5
michach01,1998,,L,87,5
michajo02,1932,John Joseph,L,16,1
middljo01,1922,John Wayne,L,2,1
mijarjo01,2008,Jose Manuel,L,118,4
mikloha01,1944,John Joseph,L,0,1
milchmi01,1996,Michael Wayne,L,29,2
milesca01,1940,Carl Thomas,L,6,1
mileywa01,2011,Wade A.,L,25,1
millean01,2006,Andrew Mark,L,288,6
millebi04,1952,William Paul,L,72,4
millebo03,1953,Robert Gerald,L,75,6
millecy01,1884,Joseph H.,L,125,4
milleel02,1929,Elmer Joseph,L,5,1
millefr01,1910,Frederick Holman,L,2,1
milleja02,1924,Walter,L,305,9
milleja03,2007,Jason Douglas,L,2,1
millela01,1964,Larry Don,L,93,3
millema01,2001,,L,7,2
millera04,1921,Ralph Henry,L,0,1
milletr01,1996,Travis Eugene,L,199,7
milletr02,1996,Trever Douglas,L,434,16
millibi01,1901,William Joseph,L,11,2
millijo02,1928,John Alexander,L,38,5
millsbr02,2009,Bradley Aaron,L,45,3
millsle01,1934,Howard Robinson,L,267,5
milnaal01,1936,Albert Joseph,L,350,10
milonto01,2011,Tomaso Anthony,L,15,1
milstge01,1924,George Earl,L,27,3
miltoer01,1998,,L,1127,11
mimbsmi01,1995,Michael Randall,L,178,3
minerra01,1921,Raymond Theadore,L,0,1
minetcr01,1978,Craig Stephen,L,76,4
mingost01,1970,Steven Bernard,L,329,11
minnepa01,1946,Paul Edison,L,481,10
minormi01,2010,Michael David,L,120,2
minutgi01,1990,Gino Michael,L,31,3
mirabpa01,1978,Paul Thomas,L,258,13
miranan01,1993,Angel Luis (Andujar),L,243,5
mischpa01,2006,Patrick Theodore Joseph,L,116,7
mitchbo01,1877,Robert McKasha,L,184,4
mitchcl01,1911,Clarence Elmer,L,543,20
mitchmo01,1923,Monroe Barr,L,8,1
mitchwi01,1909,William,L,921,12
mizelvi01,1952,Wilmer David,L,918,11
mmahake01,1989,Kevin Paul,L,3,1
moellde01,1992,Dennis Michael,L,19,2
moellro01,1956,Ronald Ralph,L,104,5
mogrige01,1911,George Anthony,L,678,16
mohlemi01,1993,Michael Ross,L,281,10
molesca01,1895,Carlton,L,7,1
mongesi01,1975,Isidro Pedroza,L,471,13
montere01,1938,Rene (Miranda),L,93,3
mooneji01,1931,Jim Irving,L,116,4
moonle01,1932,Leo,L,1,1
mooreba01,1965,Robert Barry,L,278,7
mooreba02,1970,Balor Lilbon,L,496,8
moorege02,1909,Eugene (Sr.),L,17,3
moorema02,2011,Matthew Cody,L,15,1
moorero01,1920,Roy Daniel,L,154,5
mooretr01,1998,,L,60,3
moragda01,2000,,L,2,2
moralfr01,2007,Franklin M.,L,145,6
moranha01,1912,Harry Edwin,L,163,3
moransa01,1895,Samuel,L,19,1
morehse01,1957,Seth Marvin,L,184,6
morenan01,1981,Angel (Veneroso),L,34,2
morenju02,2001,,L,39,2
moretro01,1970,Rogelio (Torres),L,408,9
moriage01,1884,Eugene John,L,5,2
mormaal01,1996,Alvin,L,98,5
morogda01,1983,Daniel Joseph,L,15,1
moronji01,1906,James Francis,L,29,3
morried01,1884,Edward,L,1217,7
morriji02,1999,James Samuel,L,13,2
morrijo06,1966,John Wallace,L,137,8
mortoke01,1991,Kevin Joseph,L,45,1
mortosp01,1884,William P.,L,5,1
mosesjo01,1989,John William,L,0,2
moskoda01,2011,Daniel Ross,L,11,1
mossda01,2001,,L,204,5
mossido01,1954,Donald Louis,L,932,12
mossma01,1930,Charles Malcolm,L,4,1
mouncto01,2003,Anthony David,L,30,1
moyerja01,1986,Jamie,L,2405,26
mroziro01,1954,Ronald Frank,L,44,2
muirjo01,1951,Joseph Allen,L,22,2
muldema01,2000,,L,834,9
mulhote01,1986,Terence John,L,1325,26
mullesc01,2000,,L,35,5
mullidi01,1941,Richard Charles,L,23,4
mulligr01,1998,Gregory Eugene,L,1,1
munozar01,2004,Arnaldo Rafel,L,14,2
munozmi01,1989,Michael Anthony,L,240,13
murakma01,1964,Masanori,L,100,2
murchti01,1917,Thomas Malcolm,L,2,2
murphbi02,2007,William R.W.,L,8,2
murphro01,1985,Robert Albert,L,520,13
murraaj01,2007,Arlington John,L,23,2
murraam01,1936,Ambrose Joseph,L,2,1
murrahe01,1997,Heath Robertson,L,94,4
murraji02,1922,James Francis,L,3,1
murrajo01,1950,Joseph Ambrose,L,8,1
murrapa01,1919,Patrick Joseph,L,11,1
musiast01,1952,Stanley Frank,L,0,1
musseje01,1986,Jeffrey Joseph,L,125,6
mussene01,2007,Neal Gordon,L,19,2
mussiba01,1944,Bernard James,L,5,1
mutisje01,1991,Jeffrey Thomas,L,73,4
myersmi01,1995,Michael Stanley,L,429,16
myersra01,1985,Randall Kirk,L,884,15
myricbo01,1976,Robert Howard,L,73,3
nabhoch01,1990,Christopher William,L,405,7
nagyst01,1947,Stephen,L,21,2
naktepe01,1936,Peter Ernest,L,19,2
nancesh01,2002,Joseph Shane,L,39,3
narrosa02,2004,Samuel Franklin,L,1,1
narvech01,2006,Christopher Gregg,L,321,4
nastuph01,1978,Philip,L,53,3
natiojo01,2000,,L,8,1
neaglde01,1991,Dennis Edward (Jr.),L,1415,15
nehfar01,1915,Arthur Neukom,L,844,18
neigeal01,1960,Alvin Edward,L,3,1
nekolbo01,1929,Francis Joseph,L,2,2
nelsoan01,1908,Andrew Anthony,L,1,1
nelsome01,1960,Melvin Frederick,L,98,6
neuerte01,1907,John S.,L,22,1
newhoha01,1939,Harold,L,1796,17
newmaal02,1999,,L,20,2
newmajo01,2007,Joshua Paul,L,11,3
newmara01,1971,Raymond Francis,L,46,3
newtodo01,1900,Eustace James,L,502,9
nichoch02,1951,Chester Raymond (Jr.),L,266,9
nicolge01,1890,George Edward,L,42,4
niehadi01,1913,Richard J.,L,43,4
nielsje01,1992,Gerald Arthur,L,20,2
niemara01,1979,Randal Harold,L,102,8
niemeja01,1943,Jacob Leland,L,1,1
niesejo01,2008,Jonathon Joseph,L,315,4
nieveju01,1986,Juan Manuel (Cruz),L,352,3
nifu01,2009,Fu-Te,L,43,2
nischro01,1961,Ronald Lee,L,58,4
nitkocj01,1995,Christopher John,L,347,13
nolteer01,1987,Eric Carl,L,69,5
nomurta01,2002,Takahito,L,9,1
nopsje01,1896,Jeremiah Henry,L,294,7
norbejo01,2010,Jordan,L,19,2
normafr01,1962,Fredie Hubert,L,1303,19
nortoph01,2000,,L,61,4
novoara01,1990,Rafael Angel,L,31,2
nunezjo02,2001,,L,60,3
nuxhajo01,1944,Joseph Henry,L,1372,17
nyeri01,1966,Richard Raymond,L,267,6
nymanje01,1968,Gerald Smith,L,69,3
oberldo01,1888,Hartman Louis,L,23,1
obriebo01,1971,Robert Allen,L,15,1
oconnbr01,2000,,L,7,1
oconnfr01,1893,Frank Henry,L,0,1
oconnja02,1981,Jack William,L,177,6
oconnmi01,2006,Michael Patrick,L,71,3
odeapa01,1944,Paul,L,0,2
odellbi01,1954,William Oliver,L,1133,14
odenwte01,1921,Theodore Joseph,L,6,2
odonojo01,1963,John Eugene,L,377,10
odonojo02,1993,John Preston,L,16,1
odoulle01,1919,Francis Joseph,L,19,4
oelkebr01,1983,Bryan Alois,L,46,2
oflaher01,2006,Eric George,L,188,6
ohljo01,1909,Joseph Earl,L,2,1
ohmanwi01,2000,William McDaniel,L,323,10
ohmeke01,2003,Kevin Arthur,L,2,1
ojalaki01,1997,Kirt Stanley,L,99,3
ojedabo01,1980,Robert Michael,L,1128,15
okajihi01,2007,Hideki,L,215,5
okriefr01,1920,Frank Anthony,L,9,1
oldhare01,1914,John Cyrus,L,267,7
olivean01,2010,Andrew,L,23,2
oliveda02,1993,Darren Christopher,L,1167,20
olivodi01,1960,Diomedes Antonio (Maldonado),L,85,3
ollomji01,1966,James Donald,L,28,2
olmstal01,1980,Alan Ray,L,14,1
olsensc01,2005,Scott Matthew,L,528,6
olsenve01,1939,Vern Jarl,L,201,5
olsonga01,2007,Garrett Andrew,L,193,5
olwined01,1986,Edward R.,L,54,3
omallry01,2006,Ryan Joseph,L,4,1
oneilpa01,1987,Paul Andrew,L,2,1
oropeed01,2001,,L,78,4
oroscje01,1979,Jesse Russell,L,1179,26
orwolos01,1928,Oswald Christian,L,65,2
osbordo01,1992,,L,558,9
osborfr01,1890,Frederick W.,L,14,1
osburpa01,1974,Larry Patrick,L,5,2
osteecl01,1957,Claude Wilson,L,1612,20
ostenfr01,1914,Frederick K.,L,0,1
osterbi01,1954,William Charles,L,5,1
osterfr01,1934,Frederick Raymond,L,774,17
ostinji01,2001,,L,10,2
ostrojo02,1948,Joseph Paul,L,131,6
osunaal01,1990,Alfonso (Jr.),L,143,6
oteybi01,1907,William Tilford,L,33,3
otisha01,1909,Harry George,L,6,1
otoolji01,1958,James Jerome,L,1039,10
ottoda01,1987,David Alan,L,144,8
outmajo01,2008,Joshua S.,L,107,3
overmst01,1943,Frank W.,L,301,11
owchibo01,1976,Robert Dennis,L,490,10
paborch01,1871,Charles Henry,L,0,3
package01,1912,Eugene Milo,L,488,9
pactwjo01,1975,Joseph Martin,L,3,1
pagejo01,1944,Joseph Francis,L,519,8
pageph01,1928,Philippe Rausac,L,15,4
paintla01,1993,Lance Telford,L,331,11
palmeem01,1915,Emilio Antonio,L,48,5
papisfr01,1945,Frank Richard,L,255,6
parneme01,1947,Melvin Lloyd,L,732,10
parquji01,1998,,L,335,6
parrama01,2007,Manuel Alex,L,418,4
parrijo01,2000,,L,225,9
parsoch01,1886,Charles James,L,12,3
partest02,1944,Stanwood Wendell,L,6,2
pastoji01,1906,James Washington,L,205,4
patejo01,1926,Joseph William,L,38,2
paterjo01,2011,Joseph Michael,L,28,1
pattebo01,1985,Robert Chandler,L,483,13
patteca01,1901,Case Lyman,L,757,9
patteke01,1988,Kenneth Brian,L,183,7
pattiji01,1929,James Wells,L,5,1
pattotr01,2007,Troy Jamieson,L,31,3
paulmi01,1968,Michael George,L,452,8
payneha01,1896,Harley Fenwick,L,148,4
pazikmi01,1975,Michael Joseph,L,20,3
pearcge01,1912,George Thomas,L,260,6
pearsja01,2002,Jason John,L,4,2
peaslma01,1910,Marvin Warren,L,4,1
peeryre01,1927,George Allan,L,3,2
penahi01,1986,Hipolito (Concepcion),L,32,3
penaje01,1999,,L,40,3
penaji01,1992,James Patrick,L,32,1
pennibr01,1993,Brad Lee,L,83,7
pennohe01,1912,Herbert Jefferis,L,1227,23
perezca01,1995,Carlos Gross,L,448,6
perezju01,2006,Juan P.,L,21,3
perezlu01,2011,Luis Manuel (Gonzalez),L,54,1
perezod01,1998,Odalis Amadol,L,920,11
perezol01,2002,Oliver (Martinez),L,1126,11
perezra01,2006,Rafael Jerome,L,264,6
perezyo01,1991,Yorkis Miguel Vargas,L,259,9
perisma01,1997,Matthew Alan,L,202,9
perkich01,1930,Charles Sullivan,L,20,2
perkigl01,2006,Glen Weston,L,224,6
perkoha01,1947,Harry Walter,L,296,8
permele01,1942,Leonard John,L,6,2
pernohu01,1910,Henry Huston,L,28,2
perraro01,1961,Ronald Peter,L,687,15
perribi01,1934,William Joseph,L,3,1
perrypa02,1985,William Patrick,L,131,8
peterch01,1996,Christopher Michael,L,224,6
peterfr01,1966,Fritz Fred,L,1015,13
peterga01,1959,Gary Charles,L,1420,14
peterke01,1944,Kent Franklin,L,208,8
peterst01,1987,Steven Bradley,L,41,2
pettian01,1995,Andrew Eugene,L,2251,16
pettile01,1935,Leon Arthur,L,45,2
pettipa01,1951,George William Paul,L,14,2
pettyad01,2001,,L,41,2
pettyje01,1921,Jesse Lee,L,407,8
pezzupr01,1935,John,L,24,2
pfiesja01,1903,John Albert,L,503,8
phelpto01,2003,Thomas Allen,L,85,3
phillhe01,2007,Heath Michael,L,2,1
phillta01,1956,William Taylor,L,233,7
phillza01,2011,Zachary David,L,8,1
piattwi01,1898,Wiley Harold,L,517,7
pickeri01,1998,,L,2,1
pickfke01,2002,Kevin Patrick,L,18,1
piercbi02,1945,Walter William,L,1999,18
pierced01,1992,Edward John,L,3,1
piercra01,1924,Raymond Lester,L,38,3
piercto01,1967,Tony Michael,L,77,2
pierswi01,1918,William Morris,L,10,3
pignaca01,2007,Carmen Peter,L,3,2
piktuge01,1956,George Richard,L,3,1
pillisq01,1915,Cecil Randolph,L,0,1
pinkhed01,1871,Edwin B.,L,0,1
pintole01,1922,William Lerton,L,5,2
pintore01,2006,Renyel Eligio,L,222,5
pitlosk01,1970,Lee Patrick Thomas,L,124,3
pizarju01,1957,Juan Ramon (Cordova),L,1522,22
planked01,1901,Edward Stewart,L,2246,17
planter01,1993,Erik John,L,16,3
pleisbi01,1961,William (III),L,184,6
plesada01,1986,Daniel Thomas,L,1041,20
podrejo01,1953,John Joseph,L,1435,16
poindje01,1936,Chester Jennings,L,14,2
polivke01,1947,Kenneth Lyle,L,1,1
polleda01,1996,Ezra Dale,L,14,1
polleho01,1941,Howard Joseph,L,934,17
polonjo01,1977,John Paul,L,5,1
pomerdr01,2011,Thomas Andrew,L,13,1
pooleji02,1990,James Richard,L,256,16
poredaa01,2009,Aaron Andermon,L,12,2
porteod01,1902,Odie Oscar,L,2,1
portoal01,1948,Alfred,L,1,1
porzimi01,1999,,L,52,3
pottne01,1922,Nelson Adolph,L,0,1
pottsmi01,1996,Michael Larry,L,21,1
powelde01,1985,Dennis Clay,L,199,9
powelgr01,1963,Grover David,L,39,1
powelro01,1993,Ross John,L,42,4
prallwi01,1975,Wilfred Anthony,L,7,1
prattan01,2002,Andrew Elias,L,2,2
prendji01,1948,James Bartholomew,L,3,1
priceda01,2008,David Taylor,L,520,4
pricejo02,1980,Joseph Walter,L,657,12
priesed01,1998,,L,1,1
primra01,1933,Raymond Lee,L,161,6
proesge01,1888,George,L,20,1
pruethu01,1922,Hubert Shelby,L,357,7
pulidal01,1983,Alfonso (Manzo),L,16,3
pulidca01,1994,Juan Carlos (Valera),L,47,3
pulsibi01,1995,William Thomas,L,202,8
purceda01,2008,David Kent,L,151,6
puttmam01,1903,Ambrose Nicholas,L,85,4
pyleew01,1939,Herbert Ewald,L,122,6
pylesh01,1884,Harry Thomas,L,9,2
quintlu01,1974,Luis Joaquin (Santos),L,16,2
quirira01,1996,Rafael Octavio (Dottin),L,1,1
quirkar01,1962,Arthur Lincoln,L,30,2
rabech01,1957,Charles Henry,L,16,2
raczkmi01,1992,Michael,L,2,1
raderdr01,1921,Drew Leon,L,0,1
radinsc01,1990,Scott David,L,358,11
raffeke01,1939,Kenneth David,L,806,16
rajsida01,1978,David Christopher,L,76,3
raleijo01,1909,John Austin,L,28,2
ramirer01,2003,Erasmo,L,56,5
ramirho01,2003,Horacio,L,318,9
ramirro01,1998,,L,49,2
ramosce01,2009,Cesar,L,50,3
ramosma01,2003,Mario Martin,L,8,1
ramsaro01,1999,,L,43,2
ramseto01,1885,Thomas H.,L,1515,7
randost01,2003,Stephen LeCharles,L,134,3
rapadcl01,2007,Clayton Anthony,L,44,6
rasmude01,1983,Dennis Lee,L,835,15
rathga01,1998,,L,5,2
raudo01,1972,Douglas James,L,697,9
rautzla01,1977,Clarence George,L,45,4
rawlesh01,1978,Shane William,L,991,13
rayca01,1915,Carl Grady,L,11,2
redmama01,1999,,L,747,12
reesst01,1918,Stanley Milton,L,1,1
reinhar01,1919,Arthur Conrad,L,79,5
remlimi01,1991,Michael John,L,854,16
renfrma01,1959,Marshall Daniel,L,3,1
reussje01,1969,Jerry,L,1907,25
reyesde01,1997,Dennys (Velarde),L,642,18
reyesjo03,2007,Joseph Albert,L,215,6
reynoke01,1970,Kenneth Lee,L,197,6
reynoma02,2010,Matthew,L,67,2
rheinjo01,2006,John Philip,L,68,2
rhodear01,1991,Arthur Lee (Jr.),L,1152,22
riccefr01,1976,Frank Joseph,L,32,3
richacl01,2008,Clayton C.,L,349,5
richadu02,2009,Dustin A,L,12,2
richago01,1964,Gordon Clark,L,86,3
richepe01,1962,Peter Gerard,L,925,15
richmbe01,1933,Beryl Justice,L,11,2
richmle01,1879,J Lee,L,552,6
riddlde01,1970,Dennis Michael,L,95,3
ridgwje01,2007,Jeffrey Allen,L,8,2
righeda01,1979,David Allan,L,1112,17
rileyge01,1979,George Michael,L,40,4
rileyma01,1999,,L,78,4
rincori01,1997,Ricardo (Espinoza),L,400,12
rineeje01,1979,Jeffrey Alan,L,0,1
ringro01,2005,Roger Royce,L,55,6
ripplch01,1944,Charles Dawson,L,10,3
ritchwa01,1987,Wallace Reid,L,98,4
riverro01,1995,Roberto (Diaz),L,5,2
rixeyep01,1912,Eppa,L,1350,21
rizzoto01,1998,,L,5,2
roachjo01,1887,John F.,L,3,1
robbibr01,1979,Bruce Duane,L,45,2
roberda04,1967,Dale,L,0,1
roberda05,1969,David Arthur,L,957,16
roberje02,2002,Jeriome Paul,L,111,3
roberna01,2002,Nathan Daniel,L,775,10
roberri02,1993,Richard Wayne,L,237,6
robersi01,1995,Sidney Dean,L,40,1
robinha01,1911,John Henry,L,238,6
rochfmi01,1988,Michael Joseph,L,2,3
rockejo01,1998,,L,332,7
rodasri01,1983,Richard Martin,L,6,2
rodrijo02,2000,Jose Ilich,L,3,3
rodriri02,1990,Richard Anthony,L,396,14
rodriro02,1989,Rosario Isabel (Echavarria),L,18,3
rodriwa01,2005,Wandy Fulton,L,1004,7
rodriwi01,2001,,L,3,1
roecl01,1923,James Clay,L,2,1
roepr01,1938,Elwin Charles,L,956,12
rogerbu01,1935,Orlin Woodrow,L,7,1
rogerke01,1989,Kenneth Scott,L,1968,21
rogerke02,1992,Charles Kevin,L,95,3
rogerle01,1938,Lee Otis,L,18,2
roggega01,1963,Garry Earl,L,56,7
rohrbi01,1967,William Joseph,L,21,2
rohrle01,1967,Leslie Norvin,L,20,3
rolanji01,1962,James Ivan,L,272,12
romerda01,2006,Davis Javier (Rodriguez),L,10,1
romerjc01,1999,,L,520,15
romerra01,1984,Ramon (De Los Santos),L,41,2
romerri01,2009,Ricardo,L,493,3
rookeji01,1968,James Phillip,L,976,13
roquera01,1998,,L,104,3
rosadjo01,1996,Jose Antonio,L,484,5
rosebze01,1898,Eli Ethelbert,L,8,2
rosech01,1909,Charles Alfred,L,6,1
rosenst01,1988,Steven Allen,L,115,4
rossbo01,1950,Floyd Robert,L,29,3
rossbu01,1924,Chester Franklin,L,31,3
rosscl01,1954,Clifford David,L,1,1
rossco01,2009,Cody J.,L,0,1
rossejo01,1995,Joseph Donald,L,7,1
rosser01,1902,Ernest Bertram,L,2,1
rossge01,1918,George Sidney,L,2,1
rotblma01,1948,Marvin,L,30,3
rowedo01,1963,Donald Howard,L,27,1
rowlary01,2007,Ryan Benjamin,L,220,4
rozekdi01,1950,Richard Louis,L,26,5
ruckeda01,1981,David Michael,L,170,8
ruckena01,1907,George,L,1217,10
rudoldo01,1957,Frederick Donald,L,182,8
ruebema01,1996,Matthew Alexander,L,78,3
rueteki01,1993,Kirk Wesley,L,818,14
ruethdu01,1917,Walter Henry,L,708,13
ruffibr01,1986,Bruce Wayne,L,843,12
rundlri01,2008,Richard Lambert,L,7,2
runyase01,1998,,L,46,3
runzlda01,2009,Daniel Joseph,L,73,3
ruschgl01,1997,Glendon James,L,1088,14
ruskisc01,1990,Scott Drew,L,146,5
russeja02,2010,James Clayton,L,85,2
russejo01,1917,John Albert,L,19,4
russele01,1910,Clarence Dickson,L,21,3
russere01,1913,Ewell Albert,L,495,7
russoma01,1939,Marius Ugo,L,311,6
rustedi01,1966,Richard Frank,L,9,1
ruthba01,1914,George Herman,L,488,10
ryanbj01,1999,,L,625,12
ryanji01,1886,James Edward,L,43,5
ryersga01,1972,Gary Lawrence,L,55,2
rzepcma01,2009,Marc,L,178,4
sabatcc01,2001,Carsten Charles,L,2017,12
sadecra01,1960,Raymond Michael,L,1614,22
sadleca01,2002,William Carl,L,33,2
salech01,2010,Christopher,L,111,2
sallesl01,1908,Harry Franklin,L,836,16
salmoro01,1912,Roger Elliott,L,5,1
salvegu01,1908,Augustus William,L,6,1
sambijo01,1976,Joseph Charles,L,489,11
sampsbe01,1998,,L,72,2
samuero01,1988,Roger Howard,L,24,2
sanchfe01,2003,Felix Antonio,L,2,1
sanchis01,1988,Israel (Matos),L,19,2
sanchje01,1998,,L,384,7
sanchjo01,2006,Jonathan O.,L,736,6
sandeda01,2003,David Andrew,L,15,2
sandewa01,1903,Warren Williams,L,20,2
santajo01,2000,,L,1877,11
santihe01,2011,Hector Felipe,L,2,1
saucike01,1978,Kevin Andrew,L,94,5
sauersc01,1999,,L,389,9
saundjo01,2005,Joseph Francis,L,550,8
saundto01,1997,Anthony Scott,L,304,3
sauveri01,1986,Richard Daniel,L,28,6
saverjo01,2011,Joseph Cain,L,2,1
savramo01,1954,Morris,L,7,1
sawyewi01,1883,Willard Newton,L,76,1
sayloph01,1891,Philip Andrew,L,0,1
scanlfr01,1909,Frank Aloysius,L,5,1
scantpa01,1956,Patricio Athelstan,L,10,1
scarcma01,1972,Guerrant McCurdy,L,164,5
schaeha01,1952,Harry Edward,L,15,1
schaema01,1972,Mark Philip,L,25,1
schalar01,1951,Arthur Lawrence,L,77,6
schatda01,1977,Daniel Ernest,L,748,20
schegle01,1912,Gilbert Eugene,L,3,1
scheija01,1893,John G.,L,1,2
scheiri02,1992,Richard Paul,L,35,3
scherbi01,1982,William Joseph,L,207,9
scherfr01,1969,Frederick John (Jr.),L,297,9
schleda01,2009,Daniel Robert,L,85,3
schmege01,1952,George Edward,L,2,1
schmibu01,1909,Charles John,L,2,1
schmicr01,1890,Frederick M.,L,93,6
schmijo01,1941,John Albert,L,746,18
schneda01,1963,Daniel Louis,L,86,5
schneje01,1981,Jeffrey Theodore,L,17,1
schoesc01,1999,,L,568,14
schoupe01,1991,Peter Alan,L,813,12
schreba01,1911,David Henry,L,5,1
schulal01,1912,Albert Christopher,L,445,6
schulbo01,1951,Robert Duffy,L,67,5
schulbu01,1975,Charles Budd,L,193,5
schulda01,1979,David Paul,L,17,3
schulmi01,1947,William Michael,L,0,1
schupfe01,1913,Ferdinand Maurice,L,553,12
schutca01,1996,Carl James,L,5,1
schweha01,1913,Harold Edward,L,3,1
schweru01,1909,Rudolph Christian,L,3,1
scoggji01,1913,Lynn J.,L,0,1
scorehe01,1955,Herbert Jude,L,837,8
scottdi02,1963,Richard Lewis,L,7,2
scottle02,1945,Marshall,L,5,1
scottmi02,1972,Ralph Robert,L,70,6
scurrro01,1980,Rodney Grant,L,431,9
sealejo01,1964,Johnny Ray,L,8,2
seamaki01,1979,Kim Michael,L,13,2
searara01,1981,Raymond Mark,L,193,8
searcst01,1988,William Steven,L,140,6
seatsto01,1940,Thomas Edward,L,69,2
seaybo01,2001,,L,190,8
secrido01,1969,Donald Laverne,L,32,2
seddoch01,2007,Christopher Jon,L,26,2
seibeph01,2004,Phillip Matthew,L,1,1
serafda01,1996,Daniel Joseph,L,127,8
settlme01,1928,Edgar Merle,L,12,1
severat01,2011,Atahualpa O.,L,7,1
seymocy01,1896,James Bentley,L,584,6
shackbr01,2005,Brian Wesley,L,32,2
shantbo01,1949,Robert Clayton,L,1072,19
sharrge01,1893,George Oscar,L,26,2
shautjo01,1922,Joseph Benjamin,L,512,13
shawdo01,1967,Donald Wellington,L,123,6
shawdu01,1883,Frederick Lander,L,950,7
sheajo01,1928,John Michael Joseph,L,0,1
shearge01,1912,George Penfield,L,9,1
shellji01,1966,James Philip,L,222,10
shepabe01,1945,Bert Robert,L,2,1
sherdbi01,1918,William Henry,L,839,17
sherrge01,2004,George Friederich,L,320,9
sherrti01,1990,Timothy Shawn,L,7,2
shielbe01,1924,Benjamin Cowan,L,9,4
shielch01,1902,Charles Jessamine,L,35,3
shirlbo01,1977,Robert Charles,L,790,12
shirlst01,1982,Steven Brian,L,8,1
shoffmi01,1929,Milburn James,L,180,8
shortbi01,1960,William Ross,L,71,7
shortch02,1959,J. Christopher,L,1629,15
shouncl01,1935,Clyde Mitchell,L,483,17
shousbr01,1993,Brian Douglas,L,233,11
shumaan01,1999,,L,17,1
siebepa01,1974,Paul Edward,L,59,6
sieveed01,1901,Edward Tilden,L,470,7
simaal01,1950,Albert,L,111,5
simmocu01,1947,Curtis Thomas,L,1697,23
simondo01,1991,Douglas Eugene,L,44,2
simpsjo01,1983,Joe Allen,L,1,1
sinclst01,1998,,L,26,3
sincobe01,1908,Herbert Sylvester,L,1,1
sippto01,2009,Tony Marcel,L,174,3
sirotmi01,1995,Michael Robert,L,435,6
siscoan01,2005,Andrew Frank,L,141,3
sislege01,1915,George Harold,L,63,7
skaugda01,1957,David Wendell,L,4,1
skokcr01,1973,Craig Richard,L,85,4
skopejo01,1901,John S.,L,38,2
slappjo01,1920,John Henry,L,1,1
slatedo01,2006,Douglas,L,104,6
slattph01,1915,Philip Ryan,L,1,1
sleatlo01,1950,Louis Mortimer,L,152,9
sloatle01,1948,Dwain Clifford,L,4,2
smilejo01,1986,John Patrick,L,1284,13
smithal03,1934,Alfred John,L,587,12
smithbi04,1958,William Garland,L,34,3
smithbo03,1955,Robert Gilchrist,L,93,6
smithbo05,1958,Robert Walkup,L,60,3
smithbu02,2001,,L,81,2
smithch03,1913,John William,L,11,1
smithda05,1992,Daniel Scott,L,14,2
smithdo01,1912,Douglass Weldon,L,1,1
smithed04,1936,Edgar,L,694,12
smithel01,1886,Elmer Ellsworth,L,525,7
smithgr02,2008,Gregory Thomas,L,142,2
smithja01,1911,Jacob John,L,1,1
smithma04,2006,Matthew Joel,L,22,3
smithph01,1884,John Francis,L,519,12
smithru01,1927,Rufus Frazier,L,2,1
smithsh01,1911,Sherrod Malone,L,428,15
smithwi02,1963,Willie,L,39,4
smithza01,1984,Zane William,L,1011,15
smollle01,1940,Clyde Hetrick,L,31,1
smythha01,1929,William Henry,L,33,4
smythst01,2002,Steven Delton,L,16,1
snarery01,2004,Ryan Delbert,L,0,1
snoveco01,1919,Colonel Lester,L,4,1
snydebr01,1985,Brian Robert,L,24,2
snydege02,1959,Gene Walter,L,20,1
solisma01,1958,Marcelino,L,15,1
sommeru01,1912,Rudolph,L,44,4
songedo01,1924,Donald C.,L,44,5
souzama01,1980,Kenneth Mark,L,2,1
sowdejo01,1887,John,L,195,3
sowerje01,2006,Jeremy Bryan,L,174,4
spahnwa01,1942,Warren Edward,L,2583,22
spansbi01,1964,William Henry,L,55,1
speaktr01,1914,Tristram E,L,0,1
speerki01,1909,George Nathan,L,12,1
spencjo01,2011,Joshua Patrick William,L,31,1
spencse01,1999,,L,8,2
splitpa01,1970,Paul William (Jr.),L,1057,15
spoljpa01,1994,Paul Nikola,L,278,8
spoonka01,1954,Karl Benjamin,L,105,2
spragch01,1887,Charles Wellington,L,76,3
sprinbr01,1925,Bradford Louis,L,1,2
sprinja01,1955,Jack Russell,L,86,10
sproubo01,1961,Robert Samuel,L,2,1
sprowbo01,1978,Robert John,L,34,4
squirmi01,1984,Michael Lynn,L,0,1
stahlch01,1899,Charles Sylvester,L,0,1
staneal01,1963,Albert Wilfred,L,5,1
stanfja01,2003,Jason John,L,51,3
stanfke01,1979,Kevin Bruce,L,0,1
stanlbu01,1911,John Leonard,L,5,1
stantmi02,1989,William Michael,L,895,24
staplda02,1987,David Earl,L,20,2
steelbo01,1916,Robert Wesley,L,217,6
steevmo01,1962,Morris Dale,L,11,3
stellbi01,1885,William F.,L,0,1
stephea01,1971,Chester Earl,L,50,4
stettmi01,2007,Mitchel Blake,L,89,5
stewabu02,1952,Veston Goff,L,77,5
stewajo02,2003,Joshua Craig,L,18,2
stewale01,1921,Walter Cleveland,L,503,11
stewasc01,2001,,L,161,5
stielfr01,1929,Fred Warren,L,9,3
stigmdi01,1960,Richard Lewis,L,755,7
stineha01,1890,Harry C.,L,1,1
stobbch01,1947,Charles Klein,L,897,16
stonear01,1923,Edwin Arnold,L,9,2
stonede01,1953,Darrah Dean,L,380,10
stonedi01,1945,Charles Richard,L,0,1
stonege02,1967,George Heard (Jr.),L,590,9
stoweha01,1960,Harold Rudolph,L,0,1
stranpa01,1913,Paul Edward,L,52,3
streios01,1899,Oscar William,L,10,2
stricji01,1971,James Michael,L,60,4
strikja01,1959,Wilbur Scott,L,6,2
strombr01,1972,Brent Terry,L,278,5
stulter01,2006,Eric William,L,105,5
stvraji01,1902,James Marcellin,L,51,1
suchech01,1938,Charles Morris,L,1,1
sulliha01,1909,Harry Andrew,L,1,1
sullijo03,1919,John Jeremiah,L,9,1
sullijo05,1935,Joe,L,216,6
sullile01,1939,Paul Thomas,L,4,1
sullito02,1922,Thomas Augustin,L,2,1
sunketo01,1937,Thomas Jacob,L,112,6
surkaer01,2011,Eric M.,L,13,1
suterha01,1909,Harry Richard,L,53,1
suthedi01,1949,Howard Alvin,L,0,1
swanru01,1989,Russell Howard,L,108,7
swartbu01,1947,Sherwin Merle,L,1,1
sweetle01,1927,Lester Leo,L,159,5
swindgr01,1986,Forest Gregory,L,1542,19
swindrj01,2008,Robert J.,L,12,2
swishni01,2009,Nicolas Thompson,L,1,1
switzjo01,2003,Jon Michael,L,46,5
sykesbo01,1977,Robert Joseph,L,215,5
tabakje01,1994,Jeffrey Jon,L,119,8
taberle01,1926,Edward Timothy,L,0,2
takahhi01,2010,Hisanori,L,166,2
takahke01,2009,Ken,L,23,1
tallebr01,2002,Brian Curtis,L,337,10
tamulvi01,1934,Vitautis Casimirus,L,294,8
tananfr01,1973,Frank Daryl,L,2773,23
tanketa01,2006,Taylor Mark,L,115,4
tanneje01,1894,Jesse Niles,L,940,16
taschja01,2005,Jack Girard,L,160,7
tatisra01,1997,Ramon Francisco (Medrano),L,38,2
tayloar01,1921,Arlas Walter,L,1,1
tayloed01,1903,Edgar Ruben,L,1,1
taylogr01,2009,Graham Michael,L,5,1
taylosc01,1992,Rodney Scott,L,15,2
teachbu01,1930,Arthur John,L,73,3
teafoev01,2011,Everett James,L,28,1
tedroal01,1914,Allen Seymour,L,4,1
tejermi01,1999,,L,172,6
templch01,1955,Charles Sherman,L,11,2
tennefr02,1905,Frederick,L,0,1
teutna01,2002,Nathan Mark,L,4,1
thatcjo01,2007,Joseph,L,142,5
thobeto01,1995,Thomas Neal,L,3,2
thomabr01,2001,,L,45,5
thomacl01,1916,Claude Alfred,L,7,1
thomaju01,2008,Justin Joseph,L,7,2
thomala01,1995,Larry Wayne (Jr.),L,32,3
thomale01,1925,Clarence Fletcher,L,13,2
thomami01,1995,Michael Steven,L,0,1
thomaro01,1900,Roy Allen,L,0,1
thompaa01,2011,Aaron Marshall,L,1,1
thompde01,2005,Derek R.,L,13,1
thompfo01,1948,David Forrest,L,48,2
thompha01,1919,Harold,L,11,2
thompjo01,1948,John Samuel,L,81,4
thompju02,1996,Justin Willard,L,428,5
thomple01,1921,John Dudley,L,4,1
thormha01,1917,Herbert Ehler,L,148,6
thornma01,2004,Matthew J.,L,499,8
thornwa01,1895,Walter Miller,L,134,4
threeer01,2007,Erick Morgan,L,13,3
thurmma01,1983,Mark Anthony,L,320,9
tiernmi01,1887,Michael Joseph,L,3,1
tiftra01,1907,Raymond Frank,L,6,1
timbega01,1969,Gary Dale,L,4,1
titcoca01,1886,Ledell,L,283,6
toddfr01,1898,George Franklin,L,5,1
tolarke01,2000,,L,17,3
tomandi01,1953,Richard Carl,L,166,6
tombean01,1994,Andy Lee,L,1,1
tomlida01,1972,David Allen,L,278,13
tomlira01,1990,Randy Leon,L,297,5
tonkido01,1907,Harry Glenville,L,0,1
toolest01,1886,Stephen John,L,141,4
torreal01,2011,Alexander Jesus (Matos),L,9,1
torrean01,1977,Angel Rafael (Ruiz),L,8,1
torrepa01,1975,Pablo Arnoldo (Torrealba),L,113,5
tostlo01,1942,Louis Eugene,L,46,3
townsle01,1920,Leo Alphonse,L,0,2
trabebi01,2003,William Henry (Jr.),L,152,5
travebi01,1974,William Edward,L,488,9
troedri01,1973,Richard La Monte,L,92,2
troutst01,1978,Steven Russell,L,656,13
tsamige01,1993,George Alex,L,30,1
tucketo02,1908,Thomas Henry,L,42,2
tudorjo01,1979,John Thomas,L,988,13
tuftsbo01,1981,Robert Malcolm,L,28,3
turbege01,1935,George Elkins,L,47,3
turneke01,1967,Kenneth Charles,L,6,1
turnetu01,1894,George A.,L,3,1
twittje01,1980,Jeffrey Dean,L,9,1
twombcy01,1921,Edwin Parker,L,7,1
tylerle01,1910,George Albert,L,1003,12
uhlbo01,1938,Robert Ellwood,L,0,2
umbarji01,1975,James Harold,L,244,5
underpa01,1979,Patrick John,L,188,4
underto01,1974,Thomas Gerald,L,948,13
upchuwo01,1935,Jefferson Woodrow,L,8,2
uphamjo01,1967,John Leslie,L,4,2
uppje01,1909,George Henry,L,13,1
urbanto01,1993,Thomas James,L,149,5
valdeef01,1990,Efrain Antonio,L,16,3
valdera02,2010,Raul,L,71,3
valenfe01,1980,Fernando (Anguamea),L,2074,18
vanatru01,1933,Russell,L,339,8
vanceco01,2002,Cory Wade,L,13,2
vancuch01,1950,Christian Gerald,L,103,3
vancujo01,1947,John Henry,L,3,3
vandeed01,1982,Edward John,L,314,7
vandejo01,1937,John Samuel,L,1294,13
vandybe01,1909,Benjamin Harrison,L,13,2
vanevjo01,2009,Jonathan Eugene,L,1,2
vanhage01,1887,George Edward Martin,L,281,9
vanhean01,2002,Andrew William,L,5,1
vanrybe01,1996,Benjamin Ashley,L,10,4
vanzaik01,1901,Charles Isaac,L,5,2
vargaan01,1950,Andrew William,L,1,2
vargaja01,2005,Jason M.,L,389,6
vargaro01,1955,Roberto Enrique (Velez),L,13,1
vargubi01,1925,William Fay,L,5,2
varnedi01,1902,Lawrence Delano,L,7,1
vasquan01,2011,Anthony Russell,L,13,1
vaughch01,1966,Charles Wayne,L,7,2
vaughhi01,1908,James Leslie,L,1416,14
vaughpo01,1940,Cecil Porter,L,52,3
vealdo01,2009,Donald Tyrone,L,16,1
vealebo01,1962,Robert Andrew,L,1703,14
venafmi01,1999,Michael Robert,L,131,7
ventejo01,2010,Jonathan William,L,189,2
villoro01,1995,Ronald Thomas (Jr.),L,925,19
vininke01,2001,,L,3,1
violafr01,1982,Frank John,L,1844,16
violape01,2009,Pedro,L,12,3
virtuja01,1893,Jacob Kitchline,L,2,2
vonohda01,1983,David,L,59,5
vosbeed01,1986,Edward John,L,179,12
wackech01,1909,Charles James,L,0,1
waddeja01,2009,Jason Robert,L,2,1
wadderu01,1897,George Edward,L,2316,14
wadeja01,1936,Jacob Fields,L,291,10
wadete01,1995,Hawatha Terrell,L,125,4
wagnebi02,1995,William Edward,L,1196,17
waitsri01,1973,Michael Richard,L,659,13
walberu01,1923,George Elvin,L,1085,16
walkebi01,1927,William Henry,L,626,10
walkeed01,1902,Edward Harrison,L,5,2
walkeja01,1997,James Ross,L,318,10
walkeke01,2000,,L,95,6
walkelu01,1965,James Luke,L,558,9
walkema01,1928,Martin Van Buren,L,0,1
walkuji01,1927,James Huey,L,0,1
wallahu01,1912,Harry Clinton,L,4,1
wallaje01,1997,Jeffrey Allen,L,120,4
wallale01,1942,James Harold,L,51,3
wallami01,1973,Michael Sherman,L,105,7
wallst01,1975,Stanley Arthur,L,55,3
walrole01,2003,Leslie Dale,L,39,3
walshda01,1990,David Peter,L,15,1
walshji03,1921,James Thomas,L,3,1
waltege01,1985,Gene Winston,L,140,5
wardbr01,1998,Bryan Matthew,L,66,4
wardco01,1985,Colin Norval,L,8,1
wardejo01,1968,Jonathan Edgar,L,25,1
wardlcu01,1984,Curtis Ray,L,89,3
warmocy01,1916,Wallace Walter,L,54,3
warneed01,1912,Edward Emory,L,13,1
warreto01,1944,Thomas Gentry,L,18,1
warthda01,1975,Daniel Dean,L,224,5
washbja01,1998,,L,1103,13
washbli01,1903,Libeus,L,9,1
waterch01,2008,Christopher Myron,L,38,2
waterfr02,1955,Fred Warren,L,14,2
watkisc01,1995,Scott Allen,L,11,1
watsoal01,1993,Allen Kenneth,L,589,10
watsodo01,1913,Charles John,L,133,4
watsoma01,2000,,L,7,3
watsoto01,2011,Anthony M.,L,37,1
waynega01,1989,Gary Anthony,L,164,6
weaveji02,1967,James Brian,L,28,2
webble01,1910,Cleon Earl,L,6,1
weberne01,1998,,L,4,1
weilabo01,1928,Robert George,L,614,13
weilmca01,1912,Carl Woolworth,L,536,8
weimeja01,1903,Jacob,L,657,7
weinele01,1919,Phillip Walter,L,160,9
weirro01,1936,William Franklin,L,42,4
wellsda01,1987,David Lee,L,2201,24
wellsed01,1923,Edwin Lee,L,403,11
wellste01,1990,Terry,L,18,1
welshch01,1981,Christopher Charles,L,192,6
werlebi01,1949,William George,L,283,7
westda01,1988,David Lee,L,437,11
westle01,1944,Weldon Edison,L,49,2
westse01,2009,Sean E.,L,78,2
weyhijo01,1888,John,L,30,2
wheatwo01,1944,Elwood Pierce,L,15,1
whisema01,1997,Matthew Michael,L,114,6
whislwe01,2009,Wesley Guy,L,2,1
whitcbo01,1945,Robert Arthur,L,6,1
whiteab01,1937,Adel,L,2,1
whitebi04,2007,William Cowart,L,10,2
whitech01,1914,Charles Evis,L,33,3
whitede02,1895,George Frederick,L,6,1
whitedo01,1901,Guy Harris,L,1384,13
whiteea01,1923,Earl Oliver,L,1350,17
whiteer01,1940,Ernest Daniel,L,244,7
whitega01,1994,Gabriel Allen,L,454,14
whitele01,1981,Leonard Joseph,L,68,4
whitema03,2003,Matthew Joseph,L,3,3
whitese01,1995,David Sean,L,2,1
wickake01,1989,Kevin Dean,L,101,8
wickeke01,1936,Kemp Caswell,L,27,4
wiedech01,1934,Charles John,L,2,1
wieneja01,1921,John,L,10,1
wieslbo01,1951,Robert George,L,113,6
wiggisc01,2002,Scott Joseph,L,3,1
wightbi01,1946,William Robert,L,574,16
wilesra01,1977,Randall E,L,0,1
wilkad01,2011,Adam Robert,L,10,1
wilkibi01,1985,William Carl,L,103,3
wilkile01,1941,Aldon Jay,L,37,3
willhni01,1963,Jon Nicholas,L,118,7
williac01,1940,Robert Fulton,L,5,2
willida02,1902,David Owen,L,7,1
willida07,2001,,L,245,7
willido03,2003,Dontrelle Wayne,L,896,10
willije01,1999,,L,58,5
willijo01,1911,Joseph Denk,L,66,4
willile01,1913,Claude Preston,L,515,7
willile02,1925,Charles William,L,23,3
willile03,1926,Leon Theo,L,3,1
willile04,1947,Lester Evans,L,10,1
willima06,2000,,L,7,1
willimi01,1977,Michael Henry,L,149,5
willimi02,1986,Mitchell Steven,L,660,11
willira01,2004,Randall Duane,L,75,6
willste01,1959,Theodore Carl,L,133,6
wilshwh01,1934,Vernon Sprague,L,103,3
wilsocj01,2005,Christopher John,L,637,7
wilsodu01,1958,Duane Lewis,L,3,1
wilsofi01,1914,Finis Elbert,L,51,2
wilsojo01,1913,John Nicodemus,L,1,1
wilsoma01,1940,Max,L,11,2
wilsope01,1908,Peter Alex,L,72,2
wilsoro01,1928,Roy Edward,L,2,1
wilsost01,1988,Stephen Douglas,L,252,7
wilsote01,1924,Gomer Russell,L,1,1
wilsotr01,1988,Trevor Kirk,L,431,8
wiltsha01,1926,Harold James,L,134,5
wiltsho01,1904,George Leroy,L,965,12
wiltssn01,1901,Lewis De Witt,L,121,5
wineaed01,1929,Edward,L,1,1
wingaer01,1924,Ernest James,L,101,4
winhala01,1902,Lafayette Sharkey,L,23,2
winkege01,1886,George Edward,L,4,1
winnge01,1919,George Benjamin,L,7,3
winstda01,1997,Darrin Alexander,L,19,2
wojcist01,1995,Steven Joseph,L,48,3
wolfle01,1921,Walter Francis,L,11,1
wolfra02,1999,Randall Christopher,L,1663,14
wolteha01,1907,Harry Meiggs,L,29,3
woodabr01,1994,David Bradley,L,119,5
woodcfr01,1892,Fred Wayland,L,8,1
woodeha01,1956,Harold Joseph,L,484,13
woodsja01,2005,Jacob Thomas,L,99,4
woodsp01,1930,Charles Asher,L,56,2
woodtr01,2010,Travis A.,L,162,2
woodwi01,1961,Wilbur Forrester (Jr.),L,1411,18
wooteju01,1948,Earl Hazwell,L,1,1
worthri01,1978,Richard Cooper,L,189,4
wrighch01,2007,Sebern Chase,L,8,1
wrighcl01,1966,Clyde,L,667,10
wrighri01,1982,James Richard,L,67,6
wrighwe01,2008,Dequam LaWesley,L,144,4
wunscke01,2000,,L,145,6
wurmfr01,1944,Frank James,L,1,1
wysonbi01,1930,Harlan,L,11,3
yarnaed01,1999,,L,14,2
ydeem01,1924,Emil Ogden,L,160,5
yerkeca01,1927,Charles Carroll,L,16,5
yinglea01,1911,Earl Hershey,L,192,5
yingljo01,1886,Joseph,L,1,1
yochile01,1951,Leonard Joseph,L,12,2
yorkle01,1919,James Edward,L,59,2
youmash01,2006,Shane Demond,L,34,2
youngcl01,1990,Clifford Raphael,L,56,3
youngcu01,1983,Curtis Allen,L,536,12
youngda01,2000,,L,0,1
youngir01,1905,Irving Melrose,L,560,7
youngma01,1983,Matthew John,L,857,10
youngti01,1998,,L,13,2
yowelca01,1924,Carl Columbus,L,20,2
zabalad01,1945,Adrian (Rodriguez),L,27,2
zachato01,1918,Jonathan Thompson Walton,L,720,24
zackege01,1911,George Carl,L,6,2
zagurmi01,2007,Michael Justin,L,36,3
zahnge01,1973,Geoffrey Clayton,L,705,14
zavadcl01,2009,Clay Pflibson,L,52,1
zerbech01,2000,,L,70,4
zimmejo01,1999,,L,3,1
zitoba01,2000,Barry William,L,1683,12
zmiched01,1910,Edward Albert,L,23,2
zoldasa01,1944,Samuel Walter,L,207,10
